date,Network Value,Txn Value,NVT,Network Value1,Txn Value1,NVT1
9/1/2013,1522502783,19292550,78.91661719,"$1,522,502,783 ","$19,292,550 ",78.91661719
9/3/2013,1519566392,21059813,72.15479038,"$1,519,566,392 ","$21,059,813 ",72.15479038
9/5/2013,1451422408,25503578,56.91054048,"$1,451,422,408 ","$25,503,578 ",56.91054048
9/7/2013,1401657885,13811249,101.4866856,"$1,401,657,885 ","$13,811,249 ",101.4866856
9/9/2013,1420313587,15359356,92.47220958,"$1,420,313,587 ","$15,359,356 ",92.47220958
9/11/2013,1449999913,17480102,82.95145603,"$1,449,999,913 ","$17,480,102 ",82.95145603
9/13/2013,1500297027,17487264,85.79369687,"$1,500,297,027 ","$17,487,264 ",85.79369687
9/15/2013,1468452843,9903219,148.2803564,"$1,468,452,843 ","$9,903,219 ",148.2803564
9/17/2013,1494135792,17593089,84.92742758,"$1,494,135,792 ","$17,593,089 ",84.92742758
9/19/2013,1454681585,27283020,53.31820249,"$1,454,681,585 ","$27,283,020 ",53.31820249
9/21/2013,1448821725,13680647,105.9030121,"$1,448,821,725 ","$13,680,647 ",105.9030121
9/23/2013,1444503916,19845271,72.78831897,"$1,444,503,916 ","$19,845,271 ",72.78831897
9/25/2013,1459413032,22296216,65.45563749,"$1,459,413,032 ","$22,296,216 ",65.45563749
9/27/2013,1477191020,20570062,71.81266736,"$1,477,191,020 ","$20,570,062 ",71.81266736
9/29/2013,1507679355,18613584,80.99887453,"$1,507,679,355 ","$18,613,584 ",80.99887453
10/1/2013,1497171491,28385075,52.745025,"$1,497,171,491 ","$28,385,075 ",52.745025
10/3/2013,1378615371,39333168,35.04969066,"$1,378,615,371 ","$39,333,168 ",35.04969066
10/5/2013,1433550678,12004509,119.4176853,"$1,433,550,678 ","$12,004,509 ",119.4176853
10/7/2013,1459305030,22147123,65.89140404,"$1,459,305,030 ","$22,147,123 ",65.89140404
10/9/2013,1489654112,22600153,65.91345253,"$1,489,654,112 ","$22,600,153 ",65.91345253
10/11/2013,1499813238,20022201,74.90751082,"$1,499,813,238 ","$20,022,201 ",74.90751082
10/13/2013,1535485874,13162986,116.6517896,"$1,535,485,874 ","$13,162,986 ",116.6517896
10/15/2013,1649680710,25180562,65.51405445,"$1,649,680,710 ","$25,180,562 ",65.51405445
10/17/2013,1699564141,25606096,66.37341909,"$1,699,564,141 ","$25,606,096 ",66.37341909
10/19/2013,1958730875,32532840,60.20780464,"$1,958,730,875 ","$32,532,840 ",60.20780464
10/21/2013,2103224180,30979595,67.89062865,"$2,103,224,180 ","$30,979,595 ",67.89062865
10/23/2013,2377290529,48435641,49.08143011,"$2,377,290,529.00 ","$48,435,641 ",49.08143011
10/25/2013,2056551327,59153404,34.76640713,"$2,056,551,327 ","$59,153,404 ",34.76640713
10/27/2013,2251714053,20364921,110.5682685,"$2,251,714,053.00 ","$20,364,921 ",110.5682685
10/29/2013,2408599561,56466616,42.65528433,"$2,408,599,561.00 ","$56,466,616 ",42.65528433
10/31/2013,2404920006,30015321,80.12308133,"$2,404,920,006.00 ","$30,015,321 ",80.12308133
11/2/2013,2437295813,25308174,96.30468846,"$2,437,295,813.00 ","$25,308,174 ",96.30468846
11/4/2013,2689641115,44225105,60.81706567,"$2,689,641,115.00 ","$44,225,105 ",60.81706567
11/6/2013,3087643199,66303724,46.56817162,"$3,087,643,199.00 ","$66,303,724 ",46.56817162
11/8/2013,3895040535,105554624,36.90070967,"$3,895,040,535.00 ","$105,554,624 ",36.90070967
11/10/2013,3554569406,66944275,53.09743673,"$3,554,569,406.00 ","$66,944,275 ",53.09743673
11/12/2013,4240843076,80529524,52.66196627,"$4,240,843,076.00 ","$80,529,524 ",52.66196627
11/14/2013,4994001600,116172520,42.98780469,"$4,994,001,600.00 ","$116,172,520 ",42.98780469
11/16/2013,5202089044,96660457,53.81817141,"$5,202,089,044.00 ","$96,660,457 ",53.81817141
11/18/2013,7002760228,183156028,38.23385069,"$7,002,760,228.00 ","$183,156,028 ",38.23385069
11/20/2013,7149668750,189981706,37.63345903,"$7,149,668,750.00 ","$189,981,706 ",37.63345903
11/22/2013,9150340100,499658342,18.3131939,"$9,150,340,100.00 ","$499,658,342 ",18.3131939
11/24/2013,10024956042,188795019,53.09968502,"$10,024,956,042.00 ","$188,795,019 ",53.09968502
11/26/2013,10173483145,240113213,42.36952652,"$10,173,483,145.00 ","$240,113,213 ",42.36952652
11/28/2013,12158197750,343988520,35.34477764,"$12,158,197,750.00 ","$343,988,520 ",35.34477764
11/30/2013,13504897665,259798119,51.98227653,"$13,504,897,665.00 ","$259,798,119 ",51.98227653
12/2/2013,11974044578,209705624,57.09930115,"$11,974,044,578.00 ","$209,705,624 ",57.09930115
12/4/2013,13900051500,196826039,70.62099898,"$13,900,051,500.00 ","$196,826,039 ",70.62099898
12/6/2013,10804928700,278007050,38.86566438,"$10,804,928,700.00 ","$278,007,050 ",38.86566438
12/8/2013,8744799022,138704496,63.04625498,"$8,744,799,022.00 ","$138,704,496 ",63.04625498
12/10/2013,11342353721,161107070,70.40258209,"$11,342,353,721.00 ","$161,107,070 ",70.40258209
12/12/2013,10244844619,92211510,111.1015818,"$10,244,844,619.00 ","$92,211,510 ",111.1015818
12/14/2013,10482304133,99250160,105.6149847,"$10,482,304,133.00 ","$99,250,160 ",105.6149847
12/16/2013,8601410750,119628591,71.90096179,"$8,601,410,750.00 ","$119,628,591 ",71.90096179
12/18/2013,6995691508,197594224,35.404332,"$6,995,691,508.00 ","$197,594,224 ",35.404332
12/20/2013,8020567500,132627443,60.47441856,"$8,020,567,500.00 ","$132,627,443 ",60.47441856
12/22/2013,7746302200,98196637,78.88561601,"$7,746,302,200.00 ","$98,196,637 ",78.88561601
12/24/2013,7876450631,83190871,94.67926632,"$7,876,450,631.00 ","$83,190,871 ",94.67926632
12/26/2013,8943399550,67082728,133.3189603,"$8,943,399,550.00 ","$67,082,728 ",133.3189603
12/28/2013,8549801920,58459390,146.2519865,"$8,549,801,920.00 ","$58,459,390 ",146.2519865
12/30/2013,9013010383,88947409,101.3296563,"$9,013,010,383.00 ","$88,947,409 ",101.3296563
1/1/2014,9115018220,56483139,161.3759147,"$9,115,018,220.00 ","$56,483,139 ",161.3759147
1/3/2014,9845053570,149944252,65.65809252,"$9,845,053,570.00 ","$149,944,252 ",65.65809252
1/5/2014,10948873600,133777808,81.84372105,"$10,948,873,600.00 ","$133,777,808 ",81.84372105
1/7/2014,10607038229,100994810,105.0255773,"$10,607,038,229.00 ","$100,994,810 ",105.0255773
1/9/2014,9902844982,65072095,152.1826673,"$9,902,844,982.00 ","$65,072,095 ",152.1826673
1/11/2014,10923824725,86126142,126.83518,"$10,923,824,725.00 ","$86,126,142 ",126.83518
1/13/2014,9902642685,73322235,135.0564762,"$9,902,642,685.00 ","$73,322,235 ",135.0564762
1/15/2014,10398269665,110811182,93.83772898,"$10,398,269,665.00 ","$110,811,182 ",93.83772898
1/17/2014,9734293075,69286154,140.49406,"$9,734,293,075.00 ","$69,286,154 ",140.49406
1/19/2014,10232530350,50510418,202.5825712,"$10,232,530,350.00 ","$50,510,418 ",202.5825712
1/21/2014,10111586132,113445881,89.13136416,"$10,111,586,132.00 ","$113,445,881 ",89.13136416
1/23/2014,10001792366,73300289,136.4495625,"$10,001,792,366.00 ","$73,300,289 ",136.4495625
1/25/2014,9922504800,63934534,155.1978904,"$9,922,504,800.00 ","$63,934,534 ",155.1978904
1/27/2014,9571727025,89454816,107.0006899,"$9,571,727,025.00 ","$89,454,816 ",107.0006899
1/29/2014,9905916930,55425036,178.726396,"$9,905,916,930.00 ","$55,425,036 ",178.726396
1/31/2014,9899258813,52245602,189.4754474,"$9,899,258,813.00 ","$52,245,602 ",189.4754474
2/2/2014,10117509693,46812767,216.1271453,"$10,117,509,693.00 ","$46,812,767 ",216.1271453
2/4/2014,9994983474,84175036,118.7404716,"$9,994,983,474.00 ","$84,175,036 ",118.7404716
2/6/2014,9617966650,164571017,58.44265184,"$9,617,966,650.00 ","$164,571,017 ",58.44265184
2/8/2014,8746243975,52404670,166.8981786,"$8,746,243,975.00 ","$52,404,670 ",166.8981786
2/10/2014,8231719125,80274582,102.544528,"$8,231,719,125.00 ","$80,274,582 ",102.544528
2/12/2014,8262169494,67142256,123.0546899,"$8,262,169,494.00 ","$67,142,256 ",123.0546899
2/14/2014,8331452415,96607239,86.24045673,"$8,331,452,415.00 ","$96,607,239 ",86.24045673
2/16/2014,7734813663,61558705,125.6493889,"$7,734,813,663.00 ","$61,558,705 ",125.6493889
2/18/2014,7780597426,73726238,105.5336287,"$7,780,597,426.00 ","$73,726,238 ",105.5336287
2/20/2014,7238794695,57574083,125.730091,"$7,238,794,695.00 ","$57,574,083 ",125.730091
2/22/2014,7508165977,48924427,153.4645664,"$7,508,165,977.00 ","$48,924,427 ",153.4645664
2/24/2014,6779936250,90670244,74.7757583,"$6,779,936,250.00 ","$90,670,244 ",74.7757583
2/26/2014,7287410255,78051369,93.36684735,"$7,287,410,255.00 ","$78,051,369 ",93.36684735
2/28/2014,7200509202,71850164,100.2156265,"$7,200,509,202.00 ","$71,850,164 ",100.2156265
3/2/2014,6979296116,39679925,175.8898515,"$6,979,296,116.00 ","$39,679,925 ",175.8898515
3/4/2014,8451643187,130586369,64.72071512,"$8,451,643,187.00 ","$130,586,369 ",64.72071512
3/6/2014,8200135216,80932841,101.3202442,"$8,200,135,216.00 ","$80,932,841 ",101.3202442
3/8/2014,7606014150,283095945,26.86726633,"$7,606,014,150.00 ","$283,095,945 ",26.86726633
3/10/2014,7773366674,335365185,23.1788123,"$7,773,366,674.00 ","$335,365,185 ",23.1788123
3/12/2014,8030086548,191983433,41.82697654,"$8,030,086,548.00 ","$191,983,433 ",41.82697654
3/14/2014,7964578727,140788486,56.57123642,"$7,964,578,727.00 ","$140,788,486 ",56.57123642
3/16/2014,7950718680,37279671,213.272233,"$7,950,718,680.00 ","$37,279,671 ",213.272233
3/18/2014,7856357025,55440433,141.7080748,"$7,856,357,025.00 ","$55,440,433 ",141.7080748
3/20/2014,7397493750,81945774,90.27303531,"$7,397,493,750.00 ","$81,945,774 ",90.27303531
3/22/2014,6988706850,41674092,167.6990791,"$6,988,706,850.00 ","$41,674,092 ",167.6990791
3/24/2014,7182689800,46027817,156.0510636,"$7,182,689,800.00 ","$46,027,817 ",156.0510636
3/26/2014,7359247288,46966514,156.6913671,"$7,359,247,288.00 ","$46,966,514 ",156.6913671
3/28/2014,6324533375,85826500,73.68975054,"$6,324,533,375.00 ","$85,826,500 ",73.68975054
3/30/2014,5649401258,43260859,130.5892067,"$5,649,401,258.00 ","$43,260,859 ",130.5892067
4/1/2014,6037174753,59045962,102.245345,"$6,037,174,753.00 ","$59,045,962 ",102.245345
4/3/2014,5623561789,67793531,82.95130385,"$5,623,561,789.00 ","$67,793,531 ",82.95130385
4/5/2014,5697532960,52858403,107.7885944,"$5,697,532,960.00 ","$52,858,403 ",107.7885944
4/7/2014,5649057226,36774851,153.6119677,"$5,649,057,226.00 ","$36,774,851 ",153.6119677
4/9/2014,5593849485,39205732,142.6793787,"$5,593,849,485.00 ","$39,205,732 ",142.6793787
4/11/2014,5406562276,86855660,62.24766786,"$5,406,562,276.00 ","$86,855,660 ",62.24766786
4/13/2014,5119777125,20899083,244.9761612,"$5,119,777,125.00 ","$20,899,083 ",244.9761612
4/15/2014,6197777924,60349096,102.6987699,"$6,197,777,924.00 ","$60,349,096 ",102.6987699
4/17/2014,6266167875,66040408,94.88384558,"$6,266,167,875.00 ","$66,040,408 ",94.88384558
4/19/2014,6332183310,28166242,224.8146313,"$6,332,183,310.00 ","$28,166,242 ",224.8146313
4/21/2014,6293422988,68262812,92.19401901,"$6,293,422,988.00 ","$68,262,812 ",92.19401901
4/23/2014,6180815740,57844227,106.8527675,"$6,180,815,740.00 ","$57,844,227 ",106.8527675
4/25/2014,5827336661,57255580,101.7776199,"$5,827,336,661.00 ","$57,255,580 ",101.7776199
4/27/2014,5589358020,27137031,205.967927,"$5,589,358,020.00 ","$27,137,031 ",205.967927
4/29/2014,5689505910,43152464,131.8466058,"$5,689,505,910.00 ","$43,152,464 ",131.8466058
5/1/2014,5849556162,34726960,168.4442336,"$5,849,556,162.00 ","$34,726,960 ",168.4442336
5/3/2014,5528578000,30860338,179.1483295,"$5,528,578,000.00 ","$30,860,338 ",179.1483295
5/5/2014,5446671643,27006284,201.6816398,"$5,446,671,643.00 ","$27,006,284 ",201.6816398
5/7/2014,5690164673,48178380,118.1061852,"$5,690,164,673.00 ","$48,178,380 ",118.1061852
5/9/2014,5762215354,36304065,158.7209409,"$5,762,215,354.00 ","$36,304,065 ",158.7209409
5/11/2014,5548979625,21302695,260.4825176,"$5,548,979,625.00 ","$21,302,695 ",260.4825176
5/13/2014,5602955328,36846458,152.0622505,"$5,602,955,328.00 ","$36,846,458 ",152.0622505
5/15/2014,5734657427,45902853,124.930305,"$5,734,657,427.00 ","$45,902,853 ",124.930305
5/17/2014,5739904793,19761483,290.4592127,"$5,739,904,793.00 ","$19,761,483 ",290.4592127
5/19/2014,5709600195,31446950,181.5629241,"$5,709,600,195.00 ","$31,446,950 ",181.5629241
5/21/2014,6333680297,52751556,120.066227,"$6,333,680,297.00 ","$52,751,556 ",120.066227
5/23/2014,6755202796,64993979,103.9358245,"$6,755,202,796.00 ","$64,993,979 ",103.9358245
5/25/2014,7368495625,63234339,116.5268071,"$7,368,495,625.00 ","$63,234,339 ",116.5268071
5/27/2014,7460868061,67580046,110.4004585,"$7,460,868,061.00 ","$67,580,046 ",110.4004585
5/29/2014,7287397400,45401397,160.5104222,"$7,287,397,400.00 ","$45,401,397 ",160.5104222
5/31/2014,7965213010,55048506,144.6944448,"$7,965,213,010.00 ","$55,048,506 ",144.6944448
6/2/2014,8112594158,55263584,146.798191,"$8,112,594,158.00 ","$55,263,584 ",146.798191
6/4/2014,8287765077,66164960,125.2591262,"$8,287,765,077.00 ","$66,164,960 ",125.2591262
6/6/2014,8435141763,66893782,126.0975461,"$8,435,141,763.00 ","$66,893,782 ",126.0975461
6/8/2014,8391843100,30015285,279.5856544,"$8,391,843,100.00 ","$30,015,285 ",279.5856544
6/10/2014,8369770838,112205327,74.59334651,"$8,369,770,838.00 ","$112,205,327 ",74.59334651
6/12/2014,7950831675,90337283,88.01273861,"$7,950,831,675.00 ","$90,337,283 ",88.01273861
6/14/2014,7194308660,38957451,184.6709288,"$7,194,308,660.00 ","$38,957,451 ",184.6709288
6/16/2014,7678237000,49711134,154.457088,"$7,678,237,000.00 ","$49,711,134 ",154.457088
6/18/2014,7807381180,51361498,152.0084399,"$7,807,381,180.00 ","$51,361,498 ",152.0084399
6/20/2014,7666832261,41117791,186.4602177,"$7,666,832,261.00 ","$41,117,791 ",186.4602177
6/22/2014,7708059500,29773254,258.8920747,"$7,708,059,500.00 ","$29,773,254 ",258.8920747
6/24/2014,7576975431,130567463,58.03111477,"$7,576,975,431.00 ","$130,567,463 ",58.03111477
6/26/2014,7368023675,64083057,114.9761578,"$7,368,023,675.00 ","$64,083,057 ",114.9761578
6/28/2014,7737216399,38399762,201.4912592,"$7,737,216,399.00 ","$38,399,762 ",201.4912592
6/30/2014,8038858000,53399280,150.5424418,"$8,038,858,000.00 ","$53,399,280 ",150.5424418
7/2/2014,8484227550,70378228,120.5518779,"$8,484,227,550.00 ","$70,378,228 ",120.5518779
7/4/2014,8248755524,52563526,156.9292654,"$8,248,755,524.00 ","$52,563,526 ",156.9292654
7/6/2014,8240549911,28240285,291.8012304,"$8,240,549,911.00 ","$28,240,285 ",291.8012304
7/8/2014,8105106240,57967072,139.8225917,"$8,105,106,240.00 ","$57,967,072 ",139.8225917
7/10/2014,8059014835,46194573,174.4580437,"$8,059,014,835.00 ","$46,194,573 ",174.4580437
7/12/2014,8222628582,33905603,242.5153324,"$8,222,628,582.00 ","$33,905,603 ",242.5153324
7/14/2014,8107843950,39773995,203.8478647,"$8,107,843,950.00 ","$39,773,995 ",203.8478647
7/16/2014,8069315506,66491033,121.3594547,"$8,069,315,506.00 ","$66,491,033 ",121.3594547
7/18/2014,8209721212,50696974,161.9371052,"$8,209,721,212.00 ","$50,696,974 ",161.9371052
7/20/2014,8135676168,26332169,308.9633888,"$8,135,676,168.00 ","$26,332,169 ",308.9633888
7/22/2014,8104472552,66301035,122.2374968,"$8,104,472,552.00 ","$66,301,035 ",122.2374968
7/24/2014,7849862761,62927564,124.7444246,"$7,849,862,761.00 ","$62,927,564 ",124.7444246
7/26/2014,7785082818,29888490,260.4709311,"$7,785,082,818.00 ","$29,888,490 ",260.4709311
7/28/2014,7672902534,45007749,170.4795886,"$7,672,902,534.00 ","$45,007,749 ",170.4795886
7/30/2014,7501333455,43910086,170.8339504,"$7,501,333,455.00 ","$43,910,086 ",170.8339504
8/1/2014,7878220817,100025886,78.76181989,"$7,878,220,817.00 ","$100,025,886 ",78.76181989
8/3/2014,7723934074,29006666,266.2813463,"$7,723,934,074.00 ","$29,006,666 ",266.2813463
8/5/2014,7602346578,79081409,96.13317053,"$7,602,346,578.00 ","$79,081,409 ",96.13317053
8/7/2014,7699010020,59148318,130.1644794,"$7,699,010,020.00 ","$59,148,318 ",130.1644794
8/9/2014,7721886299,54274894,142.273632,"$7,721,886,299.00 ","$54,274,894 ",142.273632
8/11/2014,7600645789,43160222,176.1030281,"$7,600,645,789.00 ","$43,160,222 ",176.1030281
8/13/2014,7226817836,68343254,105.742958,"$7,226,817,836.00 ","$68,343,254 ",105.742958
8/15/2014,6548138844,68492066,95.60434115,"$6,548,138,844.00 ","$68,492,066 ",95.60434115
8/17/2014,6469722234,40549429,159.5515003,"$6,469,722,234.00 ","$40,549,429 ",159.5515003
8/19/2014,6416755313,58857523,109.0218376,"$6,416,755,313.00 ","$58,857,523 ",109.0218376
8/21/2014,6924903791,59265349,116.8457439,"$6,924,903,791.00 ","$59,265,349 ",116.8457439
8/23/2014,6640470759,36094826,183.9729262,"$6,640,470,759.00 ","$36,094,826 ",183.9729262
8/25/2014,6643037914,56406843,117.7700712,"$6,643,037,914.00 ","$56,406,843 ",117.7700712
8/27/2014,6792953412,59515079,114.1383583,"$6,792,953,412.00 ","$59,515,079 ",114.1383583
8/29/2014,6759791170,37526263,180.134941,"$6,759,791,170.00 ","$37,526,263 ",180.134941
8/31/2014,6315143457,32984034,191.4606157,"$6,315,143,457.00 ","$32,984,034 ",191.4606157
9/2/2014,6393599084,57211483,111.753773,"$6,393,599,084.00 ","$57,211,483 ",111.753773
9/4/2014,6428625750,43029156,149.4016232,"$6,428,625,750.00 ","$43,029,156 ",149.4016232
9/6/2014,6367490750,46641358,136.5202692,"$6,367,490,750.00 ","$46,641,358 ",136.5202692
9/8/2014,6311972620,50577061,124.7991183,"$6,311,972,620.00 ","$50,577,061 ",124.7991183
9/10/2014,6426974895,59807812,107.4604584,"$6,426,974,895.00 ","$59,807,812 ",107.4604584
9/12/2014,6237313763,44787910,139.2633361,"$6,237,313,763.00 ","$44,787,910 ",139.2633361
9/14/2014,6308527913,33003201,191.1489711,"$6,308,527,913.00 ","$33,003,201 ",191.1489711
9/16/2014,6212863800,43919238,141.4611019,"$6,212,863,800.00 ","$43,919,238 ",141.4611019
9/18/2014,5688375693,64335430,88.41746597,"$5,688,375,693.00 ","$64,335,430 ",88.41746597
9/20/2014,5524070247,59356580,93.06584454,"$5,524,070,247.00 ","$59,356,580 ",93.06584454
9/22/2014,5333585348,34182377,156.0331907,"$5,333,585,348.00 ","$34,182,377 ",156.0331907
9/24/2014,5748387370,56605228,101.5522342,"$5,748,387,370.00 ","$56,605,228 ",101.5522342
9/26/2014,5395279766,47166952,114.3868649,"$5,395,279,766.00 ","$47,166,952 ",114.3868649
9/28/2014,5063025000,35314615,143.3691122,"$5,063,025,000.00 ","$35,314,615 ",143.3691122
9/30/2014,5101373770,51711511,98.65064221,"$5,101,373,770.00 ","$51,711,511 ",98.65064221
10/2/2014,5013209451,44654562,112.2664567,"$5,013,209,451.00 ","$44,654,562 ",112.2664567
10/4/2014,4484062800,59714061,75.09224335,"$4,484,062,800.00 ","$59,714,061 ",75.09224335
10/6/2014,4422803400,83003776,53.28436383,"$4,422,803,400.00 ","$83,003,776 ",53.28436383
10/8/2014,4626353891,63475329,72.88428376,"$4,626,353,891.00 ","$63,475,329 ",72.88428376
10/10/2014,4798872497,66251247,72.43444786,"$4,798,872,497.00 ","$66,251,247 ",72.43444786
10/12/2014,4879865752,37290971,130.8591764,"$4,879,865,752.00 ","$37,290,971 ",130.8591764
10/14/2014,5512344465,85862253,64.19985817,"$5,512,344,465.00 ","$85,862,253 ",64.19985817
10/16/2014,5061867360,48944986,103.4195282,"$5,061,867,360.00 ","$48,944,986 ",103.4195282
10/18/2014,5220952124,43541830,119.9065846,"$5,220,952,124.00 ","$43,541,830 ",119.9065846
10/20/2014,5160197008,47069051,109.63036,"$5,160,197,008.00 ","$47,069,051 ",109.63036
10/22/2014,5165201888,73884654,69.90899474,"$5,165,201,888.00 ","$73,884,654 ",69.90899474
10/24/2014,4810631777,57480880,83.6909904,"$4,810,631,777.00 ","$57,480,880 ",83.6909904
10/26/2014,4772474125,32411926,147.2443854,"$4,772,474,125.00 ","$32,411,926 ",147.2443854
10/28/2014,4768547912,41415805,115.1383611,"$4,768,547,912.00 ","$41,415,805 ",115.1383611
10/30/2014,4530198325,46623283,97.16600877,"$4,530,198,325.00 ","$46,623,283 ",97.16600877
11/1/2014,4403862031,36764265,119.7864837,"$4,403,862,031.00 ","$36,764,265 ",119.7864837
11/3/2014,4385207114,41105832,106.6808991,"$4,385,207,114.00 ","$41,105,832 ",106.6808991
11/5/2014,4605750325,78016547,59.03555723,"$4,605,750,325.00 ","$78,016,547 ",59.03555723
11/7/2014,4611859379,61950234,74.44458367,"$4,611,859,379.00 ","$61,950,234 ",74.44458367
11/9/2014,4804211514,35847049,134.0197212,"$4,804,211,514.00 ","$35,847,049 ",134.0197212
11/11/2014,4924234458,56457994,87.21943713,"$4,924,234,458.00 ","$56,457,994 ",87.21943713
11/13/2014,5487177696,121129353,45.30014864,"$5,487,177,696.00 ","$121,129,353 ",45.30014864
11/15/2014,5038882560,61511796,81.91733761,"$5,038,882,560.00 ","$61,511,796 ",81.91733761
11/17/2014,5113804134,66904022,76.43492844,"$5,113,804,134.00 ","$66,904,022 ",76.43492844
11/19/2014,5066365722,53664217,94.4086396,"$5,066,365,722.00 ","$53,664,217 ",94.4086396
11/21/2014,4827117113,57490040,83.96440692,"$4,827,117,113.00 ","$57,490,040 ",83.96440692
11/23/2014,4912198474,30536153,160.8650073,"$4,912,198,474.00 ","$30,536,153 ",160.8650073
11/25/2014,5159022365,77567837,66.50981341,"$5,159,022,365.00 ","$77,567,837 ",66.50981341
11/27/2014,5047706146,48525776,104.0211319,"$5,047,706,146.00 ","$48,525,776 ",104.0211319
11/29/2014,5112905894,74496486,68.63284657,"$5,112,905,894.00 ","$74,496,486 ",68.63284657
12/1/2014,5176753038,60655884,85.34626316,"$5,176,753,038.00 ","$60,655,884 ",85.34626316
12/3/2014,5132181106,78960564,64.99676353,"$5,132,181,106.00 ","$78,960,564 ",64.99676353
12/5/2014,5077030937,99565413,50.99191359,"$5,077,030,937.00 ","$99,565,413 ",50.99191359
12/7/2014,5103296366,41290985,123.593476,"$5,103,296,366.00 ","$41,290,985 ",123.593476
12/9/2014,4760292227,113085882,42.09448733,"$4,760,292,227.00 ","$113,085,882 ",42.09448733
12/11/2014,4841998530,64049604,75.59763414,"$4,841,998,530.00 ","$64,049,604 ",75.59763414
12/13/2014,4765766122,48843853,97.57146148,"$4,765,766,122.00 ","$48,843,853 ",97.57146148
12/15/2014,4793307333,49816388,96.2194877,"$4,793,307,333.00 ","$49,816,388 ",96.2194877
12/17/2014,4333263510,70794117,61.20937295,"$4,333,263,510.00 ","$70,794,117 ",61.20937295
12/19/2014,4327589639,59773546,72.39974752,"$4,327,589,639.00 ","$59,773,546 ",72.39974752
12/21/2014,4456636201,36054494,123.6083413,"$4,456,636,201.00 ","$36,054,494 ",123.6083413
12/23/2014,4595814288,64168766,71.62073661,"$4,595,814,288.00 ","$64,168,766 ",71.62073661
12/25/2014,4357639536,37379573,116.5780983,"$4,357,639,536.00 ","$37,379,573 ",116.5780983
12/27/2014,4293704693,42707345,100.5378511,"$4,293,704,693.00 ","$42,707,345 ",100.5378511
12/29/2014,4296892595,41511175,103.5117073,"$4,296,892,595.00 ","$41,511,175 ",103.5117073
12/31/2014,4339040505,53657583,80.86537377,"$4,339,040,505.00 ","$53,657,583 ",80.86537377
1/2/2015,4324528909,28315237,152.7279785,"$4,324,528,909.00 ","$28,315,237 ",152.7279785
1/4/2015,3708212137,82102043,45.16589358,"$3,708,212,137.00 ","$82,102,043 ",45.16589358
1/6/2015,3790803680,56472457,67.12659377,"$3,790,803,680.00 ","$56,472,457 ",67.12659377
1/8/2015,3792762040,51516706,73.62198274,"$3,792,762,040.00 ","$51,516,706 ",73.62198274
1/10/2015,3811241000,69092710,55.16126086,"$3,811,241,000.00 ","$69,092,710 ",55.16126086
1/12/2015,3703664250,51198106,72.33986839,"$3,703,664,250.00 ","$51,198,106 ",72.33986839
1/14/2015,2422228638,79330845,30.53325144,"$2,422,228,638.00 ","$79,330,845 ",30.53325144
1/16/2015,2819635181,56039500,50.31513809,"$2,819,635,181.00 ","$56,039,500 ",50.31513809
1/18/2015,2901196120,32155910,90.22279635,"$2,901,196,120.00 ","$32,155,910 ",90.22279635
1/20/2015,2927526251,39491841,74.12990068,"$2,927,526,251.00 ","$39,491,841 ",74.12990068
1/22/2015,3216610343,60557888,53.11629003,"$3,216,610,343.00 ","$60,557,888 ",53.11629003
1/24/2015,3365806048,47652537,70.63225297,"$3,365,806,048.00 ","$47,652,537 ",70.63225297
1/26/2015,3736655602,96483300,38.72852195,"$3,736,655,602.00 ","$96,483,300 ",38.72852195
1/28/2015,3432695925,41878308,81.9683528,"$3,432,695,925.00 ","$41,878,308 ",81.9683528
1/30/2015,3170875531,44384842,71.44050509,"$3,170,875,531.00 ","$44,384,842 ",71.44050509
2/1/2015,3043276324,35646882,85.37286162,"$3,043,276,324.00 ","$35,646,882 ",85.37286162
2/3/2015,3262655450,50503768,64.60221839,"$3,262,655,450.00 ","$50,503,768 ",64.60221839
2/5/2015,3000292899,45033515,66.62355579,"$3,000,292,899.00 ","$45,033,515 ",66.62355579
2/7/2015,3109769195,36922120,84.22509853,"$3,109,769,195.00 ","$36,922,120 ",84.22509853
2/9/2015,3045448196,39638684,76.83020444,"$3,045,448,196.00 ","$39,638,684 ",76.83020444
2/11/2015,3069222641,43264785,70.94043436,"$3,069,222,641.00 ","$43,264,785 ",70.94043436
2/13/2015,3319054029,56852658,58.37992709,"$3,319,054,029.00 ","$56,852,658 ",58.37992709
2/15/2015,3376876498,41125612,82.11127649,"$3,376,876,498.00 ","$41,125,612 ",82.11127649
2/17/2015,3378924200,36916500,91.52883399,"$3,378,924,200.00 ","$36,916,500 ",91.52883399
2/19/2015,3347513318,42918722,77.99657497,"$3,347,513,318.00 ","$42,918,722 ",77.99657497
2/21/2015,3405774967,38746758,87.89832085,"$3,405,774,967.00 ","$38,746,758 ",87.89832085
2/23/2015,3288669463,32388687,101.5375975,"$3,288,669,463.00 ","$32,388,687 ",101.5375975
2/25/2015,3311229562,42974777,77.05053506,"$3,311,229,562.00 ","$42,974,777 ",77.05053506
2/27/2015,3527012250,55733310,63.28373911,"$3,527,012,250.00 ","$55,733,310 ",63.28373911
3/1/2015,3439351080,27354714,125.7315679,"$3,439,351,080.00 ","$27,354,714 ",125.7315679
3/3/2015,3833785480,65278663,58.72953433,"$3,833,785,480.00 ","$65,278,663 ",58.72953433
3/5/2015,3694216021,56279040,65.6410632,"$3,694,216,021.00 ","$56,279,040 ",65.6410632
3/7/2015,3838133076,56271451,68.2074659,"$3,838,133,076.00 ","$56,271,451 ",68.2074659
3/9/2015,4002310934,48021598,83.34397647,"$4,002,310,934.00 ","$48,021,598 ",83.34397647
3/11/2015,4085522368,71892311,56.8283633,"$4,085,522,368.00 ","$71,892,311 ",56.8283633
3/13/2015,4034835730,55555889,72.62660724,"$4,034,835,730.00 ","$55,555,889 ",72.62660724
3/15/2015,3954043366,25077189,157.6749039,"$3,954,043,366.00 ","$25,077,189 ",157.6749039
3/17/2015,4004115563,47546831,84.2141417,"$4,004,115,563.00 ","$47,546,831 ",84.2141417
3/19/2015,3637668805,60394974,60.23131668,"$3,637,668,805.00 ","$60,394,974 ",60.23131668
3/21/2015,3600557276,35086759,102.6186909,"$3,600,557,276.00 ","$35,086,759 ",102.6186909
3/23/2015,3717523388,46687559,79.62556766,"$3,717,523,388.00 ","$46,687,559 ",79.62556766
3/25/2015,3434680104,55501612,61.88433057,"$3,434,680,104.00 ","$55,501,612 ",61.88433057
3/27/2015,3477917245,56541941,61.51039712,"$3,477,917,245.00 ","$56,541,941 ",61.51039712
3/29/2015,3415687193,31101436,109.8240992,"$3,415,687,193.00 ","$31,101,436 ",109.8240992
3/31/2015,3401639125,42318994,80.38090709,"$3,401,639,125.00 ","$42,318,994 ",80.38090709
4/2/2015,3536772754,53544855,66.05252277,"$3,536,772,754.00 ","$53,544,855 ",66.05252277
4/4/2015,3557341516,28479112,124.910549,"$3,557,341,516.00 ","$28,479,112 ",124.910549
4/6/2015,3572161133,28323536,126.119886,"$3,572,161,133.00 ","$28,323,536 ",126.119886
4/8/2015,3450310038,51341612,67.2029939,"$3,450,310,038.00 ","$51,341,612 ",67.2029939
4/10/2015,3309144476,41603422,79.54019925,"$3,309,144,476.00 ","$41,603,422 ",79.54019925
4/12/2015,3325501365,26875906,123.7354144,"$3,325,501,365.00 ","$26,875,906 ",123.7354144
4/14/2015,3035523600,56332209,53.88610981,"$3,035,523,600.00 ","$56,332,209 ",53.88610981
4/16/2015,3228428498,41323958,78.12486155,"$3,228,428,498.00 ","$41,323,958 ",78.12486155
4/18/2015,3127275396,36745887,85.10545401,"$3,127,275,396.00 ","$36,745,887 ",85.10545401
4/20/2015,3161465083,41368777,76.42152638,"$3,161,465,083.00 ","$41,368,777 ",76.42152638
4/22/2015,3342138811,49525610,67.48304182,"$3,342,138,811.00 ","$49,525,610 ",67.48304182
4/24/2015,3253364933,42464891,76.61305272,"$3,253,364,933.00 ","$42,464,891 ",76.61305272
4/26/2015,3078777334,35461638,86.81994141,"$3,078,777,334.00 ","$35,461,638 ",86.81994141
4/28/2015,3140185113,48618543,64.58821921,"$3,140,185,113.00 ","$48,618,543 ",64.58821921
4/30/2015,3317590248,46176646,71.84563054,"$3,317,590,248.00 ","$46,176,646 ",71.84563054
5/2/2015,3305201504,32343624,102.190203,"$3,305,201,504.00 ","$32,343,624 ",102.190203
5/4/2015,3335594229,38384611,86.89925838,"$3,335,594,229.00 ","$38,384,611 ",86.89925838
5/6/2015,3331977964,43095033,77.31698369,"$3,331,977,964.00 ","$43,095,033 ",77.31698369
5/8/2015,3460059372,48016735,72.05944702,"$3,460,059,372.00 ","$48,016,735 ",72.05944702
5/10/2015,3385659604,28904386,117.1330747,"$3,385,659,604.00 ","$28,904,386 ",117.1330747
5/12/2015,3418066879,49854247,68.56119758,"$3,418,066,879.00 ","$49,854,247 ",68.56119758
5/14/2015,3374718444,44447621,75.92573839,"$3,374,718,444.00 ","$44,447,621 ",75.92573839
5/16/2015,3352520598,27542351,121.722383,"$3,352,520,598.00 ","$27,542,351 ",121.722383
5/18/2015,3351802886,36923749,90.77634252,"$3,351,802,886.00 ","$36,923,749 ",90.77634252
5/20/2015,3327208635,44881421,74.13331755,"$3,327,208,635.00 ","$44,881,421 ",74.13331755
5/22/2015,3412658925,53003651,64.38535574,"$3,412,658,925.00 ","$53,003,651 ",64.38535574
5/24/2015,3413660333,25354803,134.635648,"$3,413,660,333.00 ","$25,354,803 ",134.635648
5/26/2015,3351138399,40991325,81.75238051,"$3,351,138,399.00 ","$40,991,325 ",81.75238051
5/28/2015,3360445832,45553743,73.76881922,"$3,360,445,832.00 ","$45,553,743 ",73.76881922
5/30/2015,3285902376,42404093,77.49021718,"$3,285,902,376.00 ","$42,404,093 ",77.49021718
6/1/2015,3163506560,54061315,58.51701092,"$3,163,506,560.00 ","$54,061,315 ",58.51701092
6/3/2015,3220468764,51342887,62.72473077,"$3,220,468,764.00 ","$51,342,887 ",62.72473077
6/5/2015,3191604605,51106434,62.45015266,"$3,191,604,605.00 ","$51,106,434 ",62.45015266
6/7/2015,3171359940,33394451,94.96667395,"$3,171,359,940.00 ","$33,394,451 ",94.96667395
6/9/2015,3279954698,53013732,61.86990755,"$3,279,954,698.00 ","$53,013,732 ",61.86990755
6/11/2015,3266066700,57014257,57.28508748,"$3,266,066,700.00 ","$57,014,257 ",57.28508748
6/13/2015,3285158823,41248314,79.64346914,"$3,285,158,823.00 ","$41,248,314 ",79.64346914
6/15/2015,3375945332,48435031,69.70048871,"$3,375,945,332.00 ","$48,435,031 ",69.70048871
6/17/2015,3570341154,87181576,40.952932,"$3,570,341,154.00 ","$87,181,576 ",40.952932
6/19/2015,3522146336,104131527,33.82401505,"$3,522,146,336.00 ","$104,131,527 ",33.82401505
6/21/2015,3466817875,30222339,114.7104423,"$3,466,817,875.00 ","$30,222,339 ",114.7104423
6/23/2015,3489324384,54585787,63.92368006,"$3,489,324,384.00 ","$54,585,787 ",63.92368006
6/25/2015,3462594912,48103894,71.98159284,"$3,462,594,912.00 ","$48,103,894 ",71.98159284
6/27/2015,3558488938,43795621,81.25216303,"$3,558,488,938.00 ","$43,795,621 ",81.25216303
6/29/2015,3636186255,58060302,62.62775304,"$3,636,186,255.00 ","$58,060,302 ",62.62775304
7/1/2015,3696067024,61661136,59.94159796,"$3,696,067,024.00 ","$61,661,136 ",59.94159796
7/3/2015,3658574048,62173772,58.84433146,"$3,658,574,048.00 ","$62,173,772 ",58.84433146
7/5/2015,3887492037,59595969,65.23078829,"$3,887,492,037.00 ","$59,595,969 ",65.23078829
7/7/2015,3837098591,84736311,45.28281377,"$3,837,098,591.00 ","$84,736,311 ",45.28281377
7/9/2015,3888176093,65311331,59.53294832,"$3,888,176,093.00 ","$65,311,331 ",59.53294832
7/11/2015,4218182000,67172689,62.79608667,"$4,218,182,000.00 ","$67,172,689 ",62.79608667
7/13/2015,4168493842,67272969,61.96387501,"$4,168,493,842.00 ","$67,272,969 ",61.96387501
7/15/2015,4185723080,61601890,67.94796523,"$4,185,723,080.00 ","$61,601,890 ",67.94796523
7/17/2015,4001221266,59778318,66.93432334,"$4,001,221,266.00 ","$59,778,318 ",66.93432334
7/19/2015,3975965188,32334590,122.9632164,"$3,975,965,188.00 ","$32,334,590 ",122.9632164
7/21/2015,4019420683,58457812,68.75763128,"$4,019,420,683.00 ","$58,457,812 ",68.75763128
7/23/2015,3987897004,56501264,70.58066885,"$3,987,897,004.00 ","$56,501,264 ",70.58066885
7/25/2015,4141275320,55741425,74.29439272,"$4,141,275,320.00 ","$55,741,425 ",74.29439272
7/27/2015,4196339602,51172701,82.00348076,"$4,196,339,602.00 ","$51,172,701 ",82.00348076
7/29/2015,4197155670,58218216,72.09351228,"$4,197,155,670.00 ","$58,218,216 ",72.09351228
7/31/2015,4113647100,59564971,69.06151436,"$4,113,647,100.00 ","$59,564,971 ",69.06151436
8/2/2015,4056819587,47657290,85.12484842,"$4,056,819,587.00 ","$47,657,290 ",85.12484842
8/4/2015,4121185500,60197462,68.46111718,"$4,121,185,500.00 ","$60,197,462 ",68.46111718
8/6/2015,4008791845,53340726,75.15442975,"$4,008,791,845.00 ","$53,340,726 ",75.15442975
8/8/2015,3906502563,67351785,58.00147039,"$3,906,502,563.00 ","$67,351,785 ",58.00147039
8/10/2015,3824307952,93522987,40.89163611,"$3,824,307,952.00 ","$93,522,987 ",40.89163611
8/12/2015,3881585458,68147769,56.95836437,"$3,881,585,458.00 ","$68,147,769 ",56.95836437
8/14/2015,3870433885,71276048,54.30202702,"$3,870,433,885.00 ","$71,276,048 ",54.30202702
8/16/2015,3734235455,55579679,67.18706409,"$3,734,235,455.00 ","$55,579,679 ",67.18706409
8/18/2015,3684437228,90618565,40.65874612,"$3,684,437,228.00 ","$90,618,565 ",40.65874612
8/20/2015,3386143924,83122435,40.73682303,"$3,386,143,924.00 ","$83,122,435 ",40.73682303
8/22/2015,3283490946,60251864,54.49608905,"$3,283,490,946.00 ","$60,251,864 ",54.49608905
8/24/2015,3099123540,93056448,33.30369476,"$3,099,123,540.00 ","$93,056,448 ",33.30369476
8/26/2015,3327522393,86427540,38.50071856,"$3,327,522,393.00 ","$86,427,540 ",38.50071856
8/28/2015,3406769557,76610058,44.46895937,"$3,406,769,557.00 ","$76,610,058 ",44.46895937
8/30/2015,3296497320,39950881,82.51375783,"$3,296,497,320.00 ","$39,950,881 ",82.51375783
9/1/2015,3325201108,84204525,39.48957741,"$3,325,201,108.00 ","$84,204,525 ",39.48957741
9/3/2015,3313827788,58224697,56.9144703,"$3,313,827,788.00 ","$58,224,697 ",56.9144703
9/5/2015,3421248063,46221429,74.01865622,"$3,421,248,063.00 ","$46,221,429 ",74.01865622
9/7/2015,3519832119,53100171,66.28664376,"$3,519,832,119.00 ","$53,100,171 ",66.28664376
9/9/2015,3503571468,75625367,46.32799293,"$3,503,571,468.00 ","$75,625,367 ",46.32799293
9/11/2015,3503433867,61956502,56.5466699,"$3,503,433,867.00 ","$61,956,502 ",56.5466699
9/13/2015,3357978768,41946773,80.05332777,"$3,357,978,768.00 ","$41,946,773 ",80.05332777
9/15/2015,3361875500,58032972,57.93043823,"$3,361,875,500.00 ","$58,032,972 ",57.93043823
9/17/2015,3422039400,64611517,52.96330374,"$3,422,039,400.00 ","$64,611,517 ",52.96330374
9/19/2015,3375518010,62502611,54.006032,"$3,375,518,010.00 ","$62,502,611 ",54.006032
9/21/2015,3316226688,76311891,43.45622477,"$3,316,226,688.00 ","$76,311,891 ",43.45622477
9/23/2015,3367629248,64070252,52.56151088,"$3,367,629,248.00 ","$64,070,252 ",52.56151088
9/25/2015,3454966028,74253335,46.52943909,"$3,454,966,028.00 ","$74,253,335 ",46.52943909
9/27/2015,3413610106,35851772,95.21454354,"$3,413,610,106.00 ","$35,851,772 ",95.21454354
9/29/2015,3486272414,73949342,47.14406267,"$3,486,272,414.00 ","$73,949,342 ",47.14406267
10/1/2015,3507186837,66783456,52.51580327,"$3,507,186,837.00 ","$66,783,456 ",52.51580327
10/3/2015,3511631463,50721843,69.23312039,"$3,511,631,463.00 ","$50,721,843 ",69.23312039
10/5/2015,3514153761,54579155,64.3863717,"$3,514,153,761.00 ","$54,579,155 ",64.3863717
10/7/2015,3604476038,77926003,46.25511253,"$3,604,476,038.00 ","$77,926,003 ",46.25511253
10/9/2015,3599220642,73817327,48.75847973,"$3,599,220,642.00 ","$73,817,327 ",48.75847973
10/11/2015,3649597910,40021301,91.19138606,"$3,649,597,910.00 ","$40,021,301 ",91.19138606
10/13/2015,3673374596,72717263,50.51585337,"$3,673,374,596.00 ","$72,717,263 ",50.51585337
10/15/2015,3751179453,93268450,40.21916793,"$3,751,179,453.00 ","$93,268,450 ",40.21916793
10/17/2015,3964275578,94336338,42.02278424,"$3,964,275,578.00 ","$94,336,338 ",42.02278424
10/19/2015,3893975956,79757425,48.82273915,"$3,893,975,956.00 ","$79,757,425 ",48.82273915
10/21/2015,3968626253,84130269,47.17239466,"$3,968,626,253.00 ","$84,130,269 ",47.17239466
10/23/2015,4093632237,82728670,49.48263083,"$4,093,632,237.00 ","$82,728,670 ",49.48263083
10/25/2015,4355203129,92380642,47.14410979,"$4,355,203,129.00 ","$92,380,642 ",47.14410979
10/27/2015,4353353675,109466158,39.76894553,"$4,353,353,675.00 ","$109,466,158 ",39.76894553
10/29/2015,4586422490,149071857,30.76652148,"$4,586,422,490.00 ","$149,071,857 ",30.76652148
10/31/2015,4597154298,121977590,37.68851555,"$4,597,154,298.00 ","$121,977,590 ",37.68851555
11/2/2015,5039912343,157289900,32.0421867,"$5,039,912,343.00 ","$157,289,900 ",32.0421867
11/4/2015,6468809829,335396983,19.2870245,"$6,468,809,829.00 ","$335,396,983 ",19.2870245
11/6/2015,5751218426,215916541,26.63630308,"$5,751,218,426.00 ","$215,916,541 ",26.63630308
11/8/2015,5652375858,126005472,44.85817773,"$5,652,375,858.00 ","$126,005,472 ",44.85817773
11/10/2015,5241134019,156434921,33.50360639,"$5,241,134,019.00 ","$156,434,921 ",33.50360639
11/12/2015,4918001050,169188929,29.06810203,"$4,918,001,050.00 ","$169,188,929 ",29.06810203
11/14/2015,4925097290,139059749,35.41713059,"$4,925,097,290.00 ","$139,059,749 ",35.41713059
11/16/2015,4889455205,138934071,35.19262892,"$4,889,455,205.00 ","$138,934,071 ",35.19262892
11/18/2015,4968286239,148663615,33.41965174,"$4,968,286,239.00 ","$148,663,615 ",33.41965174
11/20/2015,4765094518,117210976,40.65399573,"$4,765,094,518.00 ","$117,210,976 ",40.65399573
11/22/2015,4793345255,75147447,63.7858696,"$4,793,345,255.00 ","$75,147,447 ",63.7858696
11/24/2015,4777558598,91364433,52.29123019,"$4,777,558,598.00 ","$91,364,433 ",52.29123019
11/26/2015,5180545500,156934988,33.0107745,"$5,180,545,500.00 ","$156,934,988 ",33.0107745
11/28/2015,5270688720,110478101,47.70799527,"$5,270,688,720.00 ","$110,478,101 ",47.70799527
11/30/2015,5551320988,149526592,37.12597815,"$5,551,320,988.00 ","$149,526,592 ",37.12597815
12/2/2015,5382265947,179126440,30.04730037,"$5,382,265,947.00 ","$179,126,440 ",30.04730037
12/4/2015,5383391312,125600042,42.86138146,"$5,383,391,312.00 ","$125,600,042 ",42.86138146
12/6/2015,5821698036,204388399,28.48350525,"$5,821,698,036.00 ","$204,388,399 ",28.48350525
12/8/2015,5898642414,169230099,34.85575231,"$5,898,642,414.00 ","$169,230,099 ",34.85575231
12/10/2015,6210898129,188140441,33.01203131,"$6,210,898,129.00 ","$188,140,441 ",33.01203131
12/12/2015,6370246742,181266304,35.14302769,"$6,370,246,742.00 ","$181,266,304 ",35.14302769
12/14/2015,6666020040,180001345,37.03316795,"$6,666,020,040.00 ","$180,001,345 ",37.03316795
12/16/2015,6802214980,196572300,34.60413792,"$6,802,214,980.00 ","$196,572,300 ",34.60413792
12/18/2015,6873533518,181706820,37.82760338,"$6,873,533,518.00 ","$181,706,820 ",37.82760338
12/20/2015,6518066555,137599935,47.36969211,"$6,518,066,555.00 ","$137,599,935 ",47.36969211
12/22/2015,6536266658,204851463,31.90734673,"$6,536,266,658.00 ","$204,851,463 ",31.90734673
12/24/2015,6809238651,188405318,36.14143552,"$6,809,238,651.00 ","$188,405,318 ",36.14143552
12/26/2015,6273183470,130951953,47.90446669,"$6,273,183,470.00 ","$130,951,953 ",47.90446669
12/28/2015,6366854663,105765156,60.19803594,"$6,366,854,663.00 ","$105,765,156 ",60.19803594
12/30/2015,6430700000,99926963,64.35400223,"$6,430,700,000.00 ","$99,926,963 ",64.35400223
1/1/2016,6498773752,56110092,115.8218338,"$6,498,773,752.00 ","$56,110,092 ",115.8218338
1/3/2016,6438700586,51825525,124.2380195,"$6,438,700,586.00 ","$51,825,525 ",124.2380195
1/5/2016,6499047643,90298235,71.97314147,"$6,499,047,643.00 ","$90,298,235 ",71.97314147
1/7/2016,6830411223,127522745,53.56229764,"$6,830,411,223.00 ","$127,522,745 ",53.56229764
1/9/2016,6780575689,70372025,96.35328369,"$6,780,575,689.00 ","$70,372,025 ",96.35328369
1/11/2016,6738584832,106830047,63.0776174,"$6,738,584,832.00 ","$106,830,047 ",63.0776174
1/13/2016,6477765251,107417819,60.30438256,"$6,477,765,251.00 ","$107,417,819 ",60.30438256
1/15/2016,5907989111,127558283,46.31599745,"$5,907,989,111.00 ","$127,558,283 ",46.31599745
1/17/2016,5817587214,69422433,83.79981747,"$5,817,587,214.00 ","$69,422,433 ",83.79981747
1/19/2016,5718173060,86289615,66.26722184,"$5,718,173,060.00 ","$86,289,615 ",66.26722184
1/21/2016,6164094600,135289667,45.56219804,"$6,164,094,600.00 ","$135,289,667 ",45.56219804
1/23/2016,5872828238,109228485,53.7664533,"$5,872,828,238.00 ","$109,228,485 ",53.7664533
1/25/2016,5854794314,179714636,32.57828324,"$5,854,794,314.00 ","$179,714,636 ",32.57828324
1/27/2016,5969251295,134666967,44.32602462,"$5,969,251,295.00 ","$134,666,967 ",44.32602462
1/29/2016,5712112523,147102840,38.83074265,"$5,712,112,523.00 ","$147,102,840 ",38.83074265
1/31/2016,5709410157,76182517,74.94383727,"$5,709,410,157.00 ","$76,182,517 ",74.94383727
2/2/2016,5661377906,144577638,39.15804674,"$5,661,377,906.00 ","$144,577,638 ",39.15804674
2/4/2016,5840368671,121094475,48.22985252,"$5,840,368,671.00 ","$121,094,475 ",48.22985252
2/6/2016,5661516168,120896315,46.82951807,"$5,661,516,168.00 ","$120,896,315 ",46.82951807
2/8/2016,5706626345,93311393,61.15680156,"$5,706,626,345.00 ","$93,311,393 ",61.15680156
2/10/2016,5758117901,129887155,44.33169624,"$5,758,117,901.00 ","$129,887,155 ",44.33169624
2/12/2016,5799145650,118457185,48.95562603,"$5,799,145,650.00 ","$118,457,185 ",48.95562603
2/14/2016,6120531764,104891981,58.35080723,"$6,120,531,764.00 ","$104,891,981 ",58.35080723
2/16/2016,6189110093,150215514,41.20153723,"$6,189,110,093.00 ","$150,215,514 ",41.20153723
2/18/2016,6379341963,150820601,42.29755034,"$6,379,341,963.00 ","$150,820,601 ",42.29755034
2/20/2016,6694895489,151924621,44.06721863,"$6,694,895,489.00 ","$151,924,621 ",44.06721863
2/22/2016,6682772888,142238677,46.98281106,"$6,682,772,888.00 ","$142,238,677 ",46.98281106
2/24/2016,6450804728,140056077,46.0587278,"$6,450,804,728.00 ","$140,056,077 ",46.0587278
2/26/2016,6472839926,142870420,45.30566877,"$6,472,839,926.00 ","$142,870,420 ",45.30566877
2/28/2016,6615142323,146428747,45.17652755,"$6,615,142,323.00 ","$146,428,747 ",45.17652755
3/1/2016,6593564428,222905346,29.58010899,"$6,593,564,428.00 ","$222,905,346 ",29.58010899
3/3/2016,6437380104,216563283,29.72516862,"$6,437,380,104.00 ","$216,563,283 ",29.72516862
3/5/2016,6128282500,200160841,30.61679032,"$6,128,282,500.00 ","$200,160,841 ",30.61679032
3/7/2016,6298500809,127840873,49.2682869,"$6,298,500,809.00 ","$127,840,873 ",49.2682869
3/9/2016,6319324958,114428780,55.22496139,"$6,319,324,958.00 ","$114,428,780 ",55.22496139
3/11/2016,6446951119,137839767,46.7713437,"$6,446,951,119.00 ","$137,839,767 ",46.7713437
3/13/2016,6315415323,70582774,89.4753063,"$6,315,415,323.00 ","$70,582,774 ",89.4753063
3/15/2016,6354388122,117684224,53.99524172,"$6,354,388,122.00 ","$117,684,224 ",53.99524172
3/17/2016,6416715066,115249577,55.67669082,"$6,416,715,066.00 ","$115,249,577 ",55.67669082
3/19/2016,6219459017,92984532,66.88702823,"$6,219,459,017.00 ","$92,984,532 ",66.88702823
3/21/2016,6297439975,95667032,65.82664731,"$6,297,439,975.00 ","$95,667,032 ",65.82664731
3/23/2016,6412718195,111018758,57.76247465,"$6,412,718,195.00 ","$111,018,758 ",57.76247465
3/25/2016,6394925517,132338613,48.32244628,"$6,394,925,517.00 ","$132,338,613 ",48.32244628
3/27/2016,6557216490,115335330,56.85349398,"$6,557,216,490.00 ","$115,335,330 ",56.85349398
3/29/2016,6363790650,117297491,54.25342516,"$6,363,790,650.00 ","$117,297,491 ",54.25342516
3/31/2016,6411943061,122664433,52.27222679,"$6,411,943,061.00 ","$122,664,433 ",52.27222679
4/2/2016,6432320503,96731087,66.49693188,"$6,432,320,503.00 ","$96,731,087 ",66.49693188
4/4/2016,6449733040,111607536,57.78940447,"$6,449,733,040.00 ","$111,607,536 ",57.78940447
4/6/2016,6485259726,151503740,42.80593817,"$6,485,259,726.00 ","$151,503,740 ",42.80593817
4/8/2016,6505384260,123583371,52.63964081,"$6,505,384,260.00 ","$123,583,371 ",52.63964081
4/10/2016,6500143221,84161958,77.23374522,"$6,500,143,221.00 ","$84,161,958 ",77.23374522
4/12/2016,6569044480,145387002,45.18316211,"$6,569,044,480.00 ","$145,387,002 ",45.18316211
4/14/2016,6539602042,116332488,56.21475268,"$6,539,602,042.00 ","$116,332,488 ",56.21475268
4/16/2016,6630195221,86155565,76.95608776,"$6,630,195,221.00 ","$86,155,565 ",76.95608776
4/18/2016,6600076658,104817236,62.96747472,"$6,600,076,658.00 ","$104,817,236 ",62.96747472
4/20/2016,6836596929,138381943,49.40382234,"$6,836,596,929.00 ","$138,381,943 ",49.40382234
4/22/2016,6915770844,147227705,46.97329773,"$6,915,770,844.00 ","$147,227,705 ",46.97329773
4/24/2016,7106814635,110486293,64.32304344,"$7,106,814,635.00 ","$110,486,293 ",64.32304344
4/26/2016,7242797766,170332016,42.52164634,"$7,242,797,766.00 ","$170,332,016 ",42.52164634
4/28/2016,6967496250,171720826,40.57455587,"$6,967,496,250.00 ","$171,720,826 ",40.57455587
4/30/2016,6927076932,121654247,56.94069123,"$6,927,076,932.00 ","$121,654,247 ",56.94069123
5/2/2016,6879884028,143257804,48.02449737,"$6,879,884,028.00 ","$143,257,804 ",48.02449737
5/4/2016,6937221195,193746215,35.80571208,"$6,937,221,195.00 ","$193,746,215 ",35.80571208
5/6/2016,7150834286,150104443,47.63905817,"$7,150,834,286.00 ","$150,104,443 ",47.63905817
5/8/2016,7106510950,72466701,98.06588232,"$7,106,510,950.00 ","$72,466,701 ",98.06588232
5/10/2016,6988848750,153374230,45.56729491,"$6,988,848,750.00 ","$153,374,230 ",45.56729491
5/12/2016,7064935353,158093083,44.68845329,"$7,064,935,353.00 ","$158,093,083 ",44.68845329
5/14/2016,7083067859,103526313,68.41804417,"$7,083,067,859.00 ","$103,526,313 ",68.41804417
5/16/2016,7074282388,138501763,51.07720114,"$7,074,282,388.00 ","$138,501,763 ",51.07720114
5/18/2016,7046818293,156226625,45.1063849,"$7,046,818,293.00 ","$156,226,625 ",45.1063849
5/20/2016,6868519563,155269361,44.23615534,"$6,868,519,563.00 ","$155,269,361 ",44.23615534
5/22/2016,6821488650,84832969,80.41082012,"$6,821,488,650.00 ","$84,832,969 ",80.41082012
5/24/2016,6939443749,147616920,47.00981263,"$6,939,443,749.00 ","$147,616,920 ",47.00981263
5/26/2016,7053945796,166731060,42.30732903,"$7,053,945,796.00 ","$166,731,060 ",42.30732903
5/28/2016,8147805219,259939043,31.34506128,"$8,147,805,219.00 ","$259,939,043 ",31.34506128
5/30/2016,8194046738,232301687,35.27329842,"$8,194,046,738.00 ","$232,301,687 ",35.27329842
6/1/2016,8421126700,194100011,43.38550343,"$8,421,126,700.00 ","$194,100,011 ",43.38550343
6/3/2016,8870456000,162425729,54.61238228,"$8,870,456,000.00 ","$162,425,729 ",54.61238228
6/5/2016,8968617635,139945581,64.08646548,"$8,968,617,635.00 ","$139,945,581 ",64.08646548
6/7/2016,9028090842,207725690,43.46159994,"$9,028,090,842.00 ","$207,725,690 ",43.46159994
6/9/2016,9023950503,211910903,42.58370079,"$9,023,950,503.00 ","$211,910,903 ",42.58370079
6/11/2016,9376115184,164458159,57.01216178,"$9,376,115,184.00 ","$164,458,159 ",57.01216178
6/13/2016,11010699783,193653353,56.85778012,"$11,010,699,783.00 ","$193,653,353 ",56.85778012
6/15/2016,10889771218,233609445,46.61528662,"$10,889,771,218.00 ","$233,609,445 ",46.61528662
6/17/2016,11680772866,311140005,37.5418547,"$11,680,772,866.00 ","$311,140,005 ",37.5418547
6/19/2016,12010449024,154471560,77.75184669,"$12,010,449,024.00 ","$154,471,560 ",77.75184669
6/21/2016,10539955719,314077557,33.55844914,"$10,539,955,719.00 ","$314,077,557 ",33.55844914
6/23/2016,9820115707,304840842,32.21391079,"$9,820,115,707.00 ","$304,840,842 ",32.21391079
6/25/2016,10441035606,155484784,67.15149438,"$10,441,035,606.00 ","$155,484,784 ",67.15149438
6/27/2016,10188941396,205564517,49.56566219,"$10,188,941,396.00 ","$205,564,517 ",49.56566219
6/29/2016,10063752006,199609619,50.41716951,"$10,063,752,006.00 ","$199,609,619 ",50.41716951
7/1/2016,10608368894,195860776,54.1628044,"$10,608,368,894.00 ","$195,860,776 ",54.1628044
7/3/2016,10380054345,152391218,68.11451801,"$10,380,054,345.00 ","$152,391,218 ",68.11451801
7/5/2016,10505010226,195754950,53.66408478,"$10,505,010,226.00 ","$195,754,950 ",53.66408478
7/7/2016,10012128071,211036736,47.44258407,"$10,012,128,071.00 ","$211,036,736 ",47.44258407
7/9/2016,10262295286,141090463,72.73557011,"$10,262,295,286.00 ","$141,090,463 ",72.73557011
7/11/2016,10240153707,166782086,61.39840293,"$10,240,153,707.00 ","$166,782,086 ",61.39840293
7/13/2016,10366219391,187860898,55.18029299,"$10,366,219,391.00 ","$187,860,898 ",55.18029299
7/15/2016,10514437454,187503475,56.07596039,"$10,514,437,454.00 ","$187,503,475 ",56.07596039
7/17/2016,10721461200,161580179,66.35381435,"$10,721,461,200.00 ","$161,580,179 ",66.35381435
7/19/2016,10660891361,237841256,44.82355814,"$10,660,891,361.00 ","$237,841,256 ",44.82355814
7/21/2016,10488529407,139216838,75.33951729,"$10,488,529,407.00 ","$139,216,838 ",75.33951729
7/23/2016,10320160373,114656292,90.00954234,"$10,320,160,373.00 ","$114,656,292 ",90.00954234
7/25/2016,10327136947,136159538,75.84585754,"$10,327,136,947.00 ","$136,159,538 ",75.84585754
7/27/2016,10351333853,169779142,60.96940831,"$10,351,333,853.00 ","$169,779,142 ",60.96940831
7/29/2016,10402588177,149891246,69.40090545,"$10,402,588,177.00 ","$149,891,246 ",69.40090545
7/31/2016,9858709807,146181270,67.44167568,"$9,858,709,807.00 ","$146,181,270 ",67.44167568
8/2/2016,9538466776,319085008,29.89318374,"$9,538,466,776.00 ","$319,085,008 ",29.89318374
8/4/2016,9098417672,209474939,43.43439715,"$9,098,417,672.00 ","$209,474,939 ",43.43439715
8/6/2016,9309397508,117085456,79.50942675,"$9,309,397,508.00 ","$117,085,456 ",79.50942675
8/8/2016,9547377630,141320110,67.5585211,"$9,547,377,630.00 ","$141,320,110 ",67.5585211
8/10/2016,9306805453,174776759,53.24967416,"$9,306,805,453.00 ","$174,776,759 ",53.24967416
8/12/2016,9241807138,151428140,61.03097558,"$9,241,807,138.00 ","$151,428,140 ",61.03097558
8/14/2016,8995884840,116178766,77.43140299,"$8,995,884,840.00 ","$116,178,766 ",77.43140299
8/16/2016,9111780000,182623774,49.8937229,"$9,111,780,000.00 ","$182,623,774 ",49.8937229
8/18/2016,9055705733,141677830,63.91759202,"$9,055,705,733.00 ","$141,677,830 ",63.91759202
8/20/2016,9205418289,113672353,80.98203356,"$9,205,418,289.00 ","$113,672,353 ",80.98203356
8/22/2016,9309383328,146968578,63.34267827,"$9,309,383,328.00 ","$146,968,578 ",63.34267827
8/24/2016,9186966578,157159537,58.45630969,"$9,186,966,578.00 ","$157,159,537 ",58.45630969
8/26/2016,9154182799,123955382,73.85062777,"$9,154,182,799.00 ","$123,955,382 ",73.85062777
8/28/2016,9098184553,82377528,110.4449811,"$9,098,184,553.00 ","$82,377,528 ",110.4449811
8/30/2016,9173160323,153077159,59.92507571,"$9,173,160,323.00 ","$153,077,159 ",59.92507571
9/1/2016,9065313400,160610638,56.44279559,"$9,065,313,400.00 ","$160,610,638 ",56.44279559
9/3/2016,9658268480,106852790,90.38854778,"$9,658,268,480.00 ","$106,852,790 ",90.38854778
9/5/2016,9709692792,159238903,60.97563241,"$9,709,692,792.00 ","$159,238,903 ",60.97563241
9/7/2016,9819424904,143426494,68.46311725,"$9,819,424,904.00 ","$143,426,494 ",68.46311725
9/9/2016,9943784235,149137276,66.67537781,"$9,943,784,235.00 ","$149,137,276 ",66.67537781
9/11/2016,9682890147,99918473,96.9079074,"$9,682,890,147.00 ","$99,918,473 ",96.9079074
9/13/2016,9743639430,145930431,66.76907173,"$9,743,639,430.00 ","$145,930,431 ",66.76907173
9/15/2016,9723634532,123313923,78.85268994,"$9,723,634,532.00 ","$123,313,923 ",78.85268994
9/17/2016,9658620486,92793982,104.0867118,"$9,658,620,486.00 ","$92,793,982 ",104.0867118
9/19/2016,9679951823,134760154,71.83096417,"$9,679,951,823.00 ","$134,760,154 ",71.83096417
9/21/2016,9500151313,152507129,62.29316233,"$9,500,151,313.00 ","$152,507,129 ",62.29316233
9/23/2016,9592952324,144015257,66.61066675,"$9,592,952,324.00 ","$144,015,257 ",66.61066675
9/25/2016,9541084296,153681856,62.08334916,"$9,541,084,296.00 ","$153,681,856 ",62.08334916
9/27/2016,9602149538,147525118,65.08823503,"$9,602,149,538.00 ","$147,525,118 ",65.08823503
9/29/2016,9631379511,154115926,62.49438181,"$9,631,379,511.00 ","$154,115,926 ",62.49438181
10/1/2016,9767249440,103778194,94.11658687,"$9,767,249,440.00 ","$103,778,194 ",94.11658687
10/3/2016,9750081669,153303975,63.59966628,"$9,750,081,669.00 ","$153,303,975 ",63.59966628
10/5/2016,9762755869,149242510,65.41538264,"$9,762,755,869.00 ","$149,242,510 ",65.41538264
10/7/2016,9867115219,143894360,68.57193874,"$9,867,115,219.00 ","$143,894,360 ",68.57193874
10/9/2016,9802318240,118494681,82.72369862,"$9,802,318,240.00 ","$118,494,681 ",82.72369862
10/11/2016,10207866901,194960090,52.3587516,"$10,207,866,901.00 ","$194,960,090 ",52.3587516
10/13/2016,10152546966,165694239,61.27278195,"$10,152,546,966.00 ","$165,694,239 ",61.27278195
10/15/2016,10189651485,129633564,78.60349735,"$10,189,651,485.00 ","$129,633,564 ",78.60349735
10/17/2016,10182607559,162800544,62.54652058,"$10,182,607,559.00 ","$162,800,544 ",62.54652058
10/19/2016,10065628111,154515408,65.14319996,"$10,065,628,111.00 ","$154,515,408 ",65.14319996
10/21/2016,10128718512,158295045,63.986327,"$10,128,718,512.00 ","$158,295,045 ",63.986327
10/23/2016,10504485908,104494841,100.5263592,"$10,504,485,908.00 ","$104,494,841 ",100.5263592
10/25/2016,10491018709,195708743,53.60526348,"$10,491,018,709.00 ","$195,708,743 ",53.60526348
10/27/2016,10933937743,283234073,38.60389268,"$10,933,937,743.00 ","$283,234,073 ",38.60389268
10/29/2016,11433877548,167480078,68.27007537,"$11,433,877,548.00 ","$167,480,078 ",68.27007537
10/31/2016,11251559127,207351753,54.26314936,"$11,251,559,127.00 ","$207,351,753 ",54.26314936
11/2/2016,11811455982,169116165,69.84226469,"$11,811,455,982.00 ","$169,116,165 ",69.84226469
11/4/2016,11304928422,198460200,56.96320184,"$11,304,928,422.00 ","$198,460,200 ",56.96320184
11/6/2016,11416026125,169183043,67.47736609,"$11,416,026,125.00 ","$169,183,043 ",67.47736609
11/8/2016,11371555020,209569075,54.26160808,"$11,371,555,020.00 ","$209,569,075 ",54.26160808
11/10/2016,11422773692,187613066,60.88474506,"$11,422,773,692.00 ","$187,613,066 ",60.88474506
11/12/2016,11243845496,119400679,94.16902468,"$11,243,845,496.00 ","$119,400,679 ",94.16902468
11/14/2016,11300322594,168532362,67.05135123,"$11,300,322,594.00 ","$168,532,362 ",67.05135123
11/16/2016,11832832521,270653444,43.71949737,"$11,832,832,521.00 ","$270,653,444 ",43.71949737
11/18/2016,11978185824,198644445,60.29962632,"$11,978,185,824.00 ","$198,644,445 ",60.29962632
11/20/2016,11678347787,128523869,90.86520529,"$11,678,347,787.00 ","$128,523,869 ",90.86520529
11/22/2016,11968547387,223163107,53.63138889,"$11,968,547,387.00 ","$223,163,107 ",53.63138889
11/24/2016,11801298449,252699561,46.70090601,"$11,801,298,449.00 ","$252,699,561 ",46.70090601
11/26/2016,11718620057,183108642,63.99818125,"$11,718,620,057.00 ","$183,108,642 ",63.99818125
11/28/2016,11713912056,198614921,58.97800633,"$11,713,912,056.00 ","$198,614,921 ",58.97800633
11/30/2016,11847589975,204169344,58.02825117,"$11,847,589,975.00 ","$204,169,344 ",58.02825117
12/2/2016,12394634059,230344674,53.80907598,"$12,394,634,059.00 ","$230,344,674 ",53.80907598
12/4/2016,12265688032,100618181,121.9032969,"$12,265,688,032.00 ","$100,618,181 ",121.9032969
12/6/2016,12112303227,219286013,55.2351838,"$12,112,303,227.00 ","$219,286,013 ",55.2351838
12/8/2016,12312787200,217843731,56.52119143,"$12,312,787,200.00 ","$217,843,731 ",56.52119143
12/10/2016,12395528463,149402091,82.96756998,"$12,395,528,463.00 ","$149,402,091 ",82.96756998
12/12/2016,12460596315,214657678,58.04868677,"$12,460,596,315.00 ","$214,657,678 ",58.04868677
12/14/2016,12425971506,211719981,58.69059434,"$12,425,971,506.00 ","$211,719,981 ",58.69059434
12/16/2016,12573714999,240778360,52.22111737,"$12,573,714,999.00 ","$240,778,360 ",52.22111737
12/18/2016,12685169466,155830419,81.4036792,"$12,685,169,466.00 ","$155,830,419 ",81.4036792
12/20/2016,12756094676,245012593,52.06301642,"$12,756,094,676.00 ","$245,012,593 ",52.06301642
12/22/2016,13815565559,331099340,41.72634582,"$13,815,565,559.00 ","$331,099,340 ",41.72634582
12/24/2016,14365259144,200327041,71.7090367,"$14,365,259,144.00 ","$200,327,041 ",71.7090367
12/26/2016,14514728615,243946016,59.49975664,"$14,514,728,615.00 ","$243,946,016 ",59.49975664
12/28/2016,15706536998,326666677,48.08123425,"$15,706,536,998.00 ","$326,666,677 ",48.08123425
12/30/2016,15333684494,316213794,48.4915105,"$15,333,684,494.00 ","$316,213,794 ",48.4915105
1/1/2017,16144874870,170736310,94.56028946,"$16,144,874,870.00 ","$170,736,310 ",94.56028946
1/3/2017,16604032594,340688236,48.73673589,"$16,604,032,594.00 ","$340,688,236 ",48.73673589
1/5/2017,16020709800,524577602,30.54020937,"$16,020,709,800.00 ","$524,577,602 ",30.54020937
1/7/2017,14507903240,310258543,46.760689,"$14,507,903,240.00 ","$310,258,543 ",46.760689
1/9/2017,14483317500,267769180,54.08881442,"$14,483,317,500.00 ","$267,769,180 ",54.08881442
1/11/2017,12637835231,389299060,32.46305094,"$12,637,835,231.00 ","$389,299,060 ",32.46305094
1/13/2017,13333156412,256962365,51.88758444,"$13,333,156,412.00 ","$256,962,365 ",51.88758444
1/15/2017,13217812515,159034173,83.11303326,"$13,217,812,515.00 ","$159,034,173 ",83.11303326
1/17/2017,14562228012,292157922,49.84368704,"$14,562,228,012.00 ","$292,157,922 ",49.84368704
1/19/2017,14500148590,234505943,61.83275523,"$14,500,148,590.00 ","$234,505,943 ",61.83275523
1/21/2017,14894193301,206063844,72.27950802,"$14,894,193,301.00 ","$206,063,844 ",72.27950802
1/23/2017,14863942325,198400469,74.91888695,"$14,863,942,325.00 ","$198,400,469 ",74.91888695
1/25/2017,14391685219,271755757,52.9581613,"$14,391,685,219.00 ","$271,755,757 ",52.9581613
1/27/2017,14801282964,172944034,85.5842359,"$14,801,282,964.00 ","$172,944,034 ",85.5842359
1/29/2017,14735246803,130997412,112.4850221,"$14,735,246,803.00 ","$130,997,412 ",112.4850221
1/31/2017,15554584256,219553620,70.84640314,"$15,554,584,256.00 ","$219,553,620 ",70.84640314
2/2/2017,16260607103,208080410,78.14578565,"$16,260,607,103.00 ","$208,080,410 ",78.14578565
2/4/2017,16666302848,219852279,75.8068231,"$16,666,302,848.00 ","$219,852,279 ",75.8068231
2/6/2017,16511713438,218667131,75.51072413,"$16,511,713,438.00 ","$218,667,131 ",75.51072413
2/8/2017,16925772491,268446936,63.05071971,"$16,925,772,491.00 ","$268,446,936 ",63.05071971
2/10/2017,16112416199,295832937,54.46457852,"$16,112,416,199.00 ","$295,832,937 ",54.46457852
2/12/2017,16104421020,116833030,137.8413365,"$16,104,421,020.00 ","$116,833,030 ",137.8413365
2/14/2017,16370570040,230076645,71.15268048,"$16,370,570,040.00 ","$230,076,645 ",71.15268048
2/16/2017,16762256640,216881376,77.28767184,"$16,762,256,640.00 ","$216,881,376 ",77.28767184
2/18/2017,17138105285,177697931,96.44515969,"$17,138,105,285.00 ","$177,697,931 ",96.44515969
2/20/2017,17714421920,194658609,91.0025097,"$17,714,421,920.00 ","$194,658,609 ",91.0025097
2/22/2017,18237515765,223493551,81.60197776,"$18,237,515,765.00 ","$223,493,551 ",81.60197776
2/24/2017,19102806731,377500127,50.60344454,"$19,102,806,731.00 ","$377,500,127 ",50.60344454
2/26/2017,19133795678,199679378,95.82259262,"$19,133,795,678.00 ","$199,679,378 ",95.82259262
2/28/2017,19241800144,254779003,75.52349249,"$19,241,800,144.00 ","$254,779,003 ",75.52349249
3/2/2017,20387931250,434381701,46.93552056,"$20,387,931,250.00 ","$434,381,701 ",46.93552056
3/4/2017,20515484348,257999764,79.51745402,"$20,515,484,348.00 ","$257,999,764 ",79.51745402
3/6/2017,20707990380,292399612,70.82085457,"$20,707,990,380.00 ","$292,399,612 ",70.82085457
3/8/2017,18785978289,301922503,62.22119289,"$18,785,978,289.00 ","$301,922,503 ",62.22119289
3/10/2017,17733596764,300514966,59.01069413,"$17,733,596,764.00 ","$300,514,966 ",59.01069413
3/12/2017,19853444813,213603425,92.94534851,"$19,853,444,813.00 ","$213,603,425 ",92.94534851
3/14/2017,20209938485,340925457,59.27964032,"$20,209,938,485.00 ","$340,925,457 ",59.27964032
3/16/2017,19100245120,498470435,38.31770911,"$19,100,245,120.00 ","$498,470,435 ",38.31770911
3/18/2017,15295539370,358857764,42.62284641,"$15,295,539,370.00 ","$358,857,764 ",42.62284641
3/20/2017,16908833575,302711967,55.85782994,"$16,908,833,575.00 ","$302,711,967 ",55.85782994
3/22/2017,16558917210,378214892,43.78176942,"$16,558,917,210.00 ","$378,214,892 ",43.78176942
3/24/2017,15205794660,393959388,38.59736591,"$15,205,794,660.00 ","$393,959,388 ",38.59736591
3/26/2017,15443296851,225668754,68.43347418,"$15,443,296,851.00 ","$225,668,754 ",68.43347418
3/28/2017,16971709883,427464477,39.70320526,"$16,971,709,883.00 ","$427,464,477 ",39.70320526
3/30/2017,16896048000,338050783,49.98079824,"$16,896,048,000.00 ","$338,050,783 ",49.98079824
4/1/2017,17720120644,275462685,64.32857009,"$17,720,120,644.00 ","$275,462,685 ",64.32857009
4/3/2017,18556863561,352832393,52.59399064,"$18,556,863,561.00 ","$352,832,393 ",52.59399064
4/5/2017,18469918530,366491387,50.39659639,"$18,469,918,530.00 ","$366,491,387 ",50.39659639
4/7/2017,19415828025,387791486,50.06770057,"$19,415,828,025.00 ","$387,791,486 ",50.06770057
4/9/2017,19815481984,221823326,89.33001913,"$19,815,481,984.00 ","$221,823,326 ",89.33001913
4/11/2017,20153773955,356178072,56.58342138,"$20,153,773,955.00 ","$356,178,072 ",56.58342138
4/13/2017,19349213565,295378008,65.50661534,"$19,349,213,565.00 ","$295,378,008 ",65.50661534
4/15/2017,19498363475,277386309,70.29317184,"$19,498,363,475.00 ","$277,386,309 ",70.29317184
4/17/2017,20183091638,350736258,57.54492493,"$20,183,091,638.00 ","$350,736,258 ",57.54492493
4/19/2017,20638607438,318007414,64.89976805,"$20,638,607,438.00 ","$318,007,414 ",64.89976805
4/21/2017,21588070556,343765583,62.79881303,"$21,588,070,556.00 ","$343,765,583 ",62.79881303
4/23/2017,22086609058,216214543,102.1513573,"$22,086,609,058.00 ","$216,214,543 ",102.1513573
4/25/2017,20846606999,392344256,53.13345791,"$20,846,606,999.00 ","$392,344,256 ",53.13345791
4/27/2017,21926056741,403324576,54.36330451,"$21,926,056,741.00 ","$403,324,576 ",54.36330451
4/29/2017,21762127405,358298056,60.7374979,"$21,762,127,405.00 ","$358,298,056 ",60.7374979
5/1/2017,23107339286,442436011,52.22752836,"$23,107,339,286.00 ","$442,436,011 ",52.22752836
5/3/2017,24586863671,478643852,51.36776237,"$24,586,863,671.00 ","$478,643,852 ",51.36776237
5/5/2017,25012643353,572492738,43.69076091,"$25,012,643,353.00 ","$572,492,738 ",43.69076091
5/7/2017,25060400380,425425969,58.90660702,"$25,060,400,380.00 ","$425,425,969 ",58.90660702
5/9/2017,28093005954,761394965,36.89675823,"$28,093,005,954.00 ","$761,394,965 ",36.89675823
5/11/2017,29726737675,663588561,44.79694109,"$29,726,737,675.00 ","$663,588,561 ",44.79694109
5/13/2017,28932596583,444311276,65.11785355,"$28,932,596,583.00 ","$444,311,276 ",65.11785355
5/15/2017,28143078402,691417744,40.70343673,"$28,143,078,402.00 ","$691,417,744 ",40.70343673
5/17/2017,29527347104,937290193,31.50288709,"$29,527,347,104.00 ","$937,290,193 ",31.50288709
5/19/2017,32051195728,858596952,37.32973386,"$32,051,195,728.00 ","$858,596,952 ",37.32973386
5/21/2017,33448303438,545513368,61.31527733,"$33,448,303,438.00 ","$545,513,368 ",61.31527733
5/23/2017,37399030238,1026598217,36.43005572,"$37,399,030,238.00 ","$1,026,598,217 ",36.43005572
5/25/2017,39035030223,1209302552,32.27896125,"$39,035,030,223.00 ","$1,209,302,552 ",32.27896125
5/27/2017,32941397093,646375171,50.96327731,"$32,941,397,093.00 ","$646,375,171 ",50.96327731
5/29/2017,37233600371,574153811,64.84952232,"$37,233,600,371.00 ","$574,153,811 ",64.84952232
5/31/2017,37407051148,853819146,43.81144567,"$37,407,051,148.00 ","$853,819,146 ",43.81144567
6/2/2017,40038367307,726398967,55.11897607,"$40,038,367,307.00 ","$726,398,967 ",55.11897607
6/4/2017,41195730260,627567197,65.64353655,"$41,195,730,260.00 ","$627,567,197 ",65.64353655
6/6/2017,47218046132,886338620,53.27314533,"$47,218,046,132.00 ","$886,338,620 ",53.27314533
6/8/2017,45750548628,810352769,56.45757055,"$45,750,548,628.00 ","$810,352,769 ",56.45757055
6/10/2017,46618837862,671075205,69.46887249,"$46,618,837,862.00 ","$671,075,205 ",69.46887249
6/12/2017,43553314505,839906529,51.85495413,"$43,553,314,505.00 ","$839,906,529 ",51.85495413
6/14/2017,40110100599,753304915,53.24550495,"$40,110,100,599.00 ","$753,304,915 ",53.24550495
6/16/2017,40413077779,624436120,64.71931473,"$40,413,077,779.00 ","$624,436,120 ",64.71931473
6/18/2017,41117798760,522791408,78.65048686,"$41,117,798,760.00 ","$522,791,408 ",78.65048686
6/20/2017,45187876438,712285162,63.44071002,"$45,187,876,438.00 ","$712,285,162 ",63.44071002
6/22/2017,44743205311,692310515,64.62881084,"$44,743,205,311.00 ","$692,310,515 ",64.62881084
6/24/2017,42487095409,415023200,102.3728201,"$42,487,095,409.00 ","$415,023,200 ",102.3728201
6/26/2017,39989166645,694801740,57.55478769,"$39,989,166,645.00 ","$694,801,740 ",57.55478769
6/28/2017,42442320274,723115848,58.69366626,"$42,442,320,274.00 ","$723,115,848 ",58.69366626
6/30/2017,40682623613,751359279,54.14536657,"$40,682,623,613.00 ","$751,359,279 ",54.14536657
7/2/2017,41080316972,471702117,87.0895328,"$41,080,316,972.00 ","$471,702,117 ",87.0895328
7/4/2017,42709239179,568885136,75.07532972,"$42,709,239,179.00 ","$568,885,136 ",75.07532972
7/6/2017,42886924819,538505332,79.64066882,"$42,886,924,819.00 ","$538,505,332 ",79.64066882
7/8/2017,42110891329,558655116,75.3790489,"$42,110,891,329.00 ","$558,655,116 ",75.3790489
7/10/2017,38900014611,686994895,56.62344058,"$38,900,014,611.00 ","$686,994,895 ",56.62344058
7/12/2017,39232323095,568381380,69.02464525,"$39,232,323,095.00 ","$568,381,380 ",69.02464525
7/14/2017,36037038605,486550966,74.06631804,"$36,037,038,605.00 ","$486,550,966 ",74.06631804
7/16/2017,31771903140,461314550,68.87253639,"$31,771,903,140.00 ","$461,314,550 ",68.87253639
7/18/2017,38179206708,619790725,61.60015822,"$38,179,206,708.00 ","$619,790,725 ",61.60015822
7/20/2017,47702949608,755326163,63.15543134,"$47,702,949,608.00 ","$755,326,163 ",63.15543134
7/22/2017,46223084883,498204138,92.77940786,"$46,223,084,883.00 ","$498,204,138 ",92.77940786
7/24/2017,45316644721,552414399,82.03378621,"$45,316,644,721.00 ","$552,414,399 ",82.03378621
7/26/2017,41097019289,676202733,60.77618042,"$41,097,019,289.00 ","$676,202,733 ",60.77618042
7/28/2017,45828471054,1328334474,34.50070141,"$45,828,471,054.00 ","$1,328,334,474 ",34.50070141
7/30/2017,45251045529,1121219507,40.35877477,"$45,251,045,529.00 ","$1,121,219,507 ",40.35877477
8/1/2017,44675298136,1369195846,32.62885895,"$44,675,298,136.00 ","$1,369,195,846 ",32.62885895
8/3/2017,46065116956,970956326,47.44303707,"$46,065,116,956.00 ","$970,956,326 ",47.44303707
8/5/2017,53069653155,983755830,53.94596051,"$53,069,653,155.00 ","$983,755,830 ",53.94596051
8/7/2017,56200758544,1385571339,40.56143264,"$56,200,758,544.00 ","$1,385,571,339 ",40.56143264
8/9/2017,55390344637,807119553,68.62718716,"$55,390,344,637.00 ","$807,119,553 ",68.62718716
8/11/2017,59942989325,991542730,60.45426736,"$59,942,989,325.00 ","$991,542,730 ",60.45426736
8/13/2017,68093665581,926444962,73.49995777,"$68,093,665,581.00 ","$926,444,962 ",73.49995777
8/15/2017,69618446261,1206087776,57.72253697,"$69,618,446,261.00 ","$1,206,087,776 ",57.72253697
8/17/2017,71479165578,1318331836,54.21940334,"$71,479,165,578.00 ","$1,318,331,836 ",54.21940334
8/19/2017,69743600462,1323689300,52.68879976,"$69,743,600,462.00 ","$1,323,689,300 ",52.68879976
8/21/2017,66800518312,819457187,81.51800891,"$66,800,518,312.00 ","$819,457,187 ",81.51800891
8/23/2017,68981289804,1059426387,65.11192345,"$68,981,289,804.00 ","$1,059,426,387 ",65.11192345
8/25/2017,72100292859,765174341,94.2272747,"$72,100,292,859.00 ","$765,174,341 ",94.2272747
8/27/2017,71969913143,781459739,92.09676397,"$71,969,913,143.00 ","$781,459,739 ",92.09676397
8/29/2017,76178812261,1144825472,66.54185648,"$76,178,812,261.00 ","$1,144,825,472 ",66.54185648
8/31/2017,78517382093,1192190047,65.8597866,"$78,517,382,093.00 ","$1,192,190,047 ",65.8597866
9/2/2017,75760868526,918257380,82.50504729,"$75,760,868,526.00 ","$918,257,380 ",82.50504729
9/4/2017,71870445889,1422579715,50.52120815,"$71,870,445,889.00 ","$1,422,579,715 ",50.52120815
9/6/2017,76816932326,1347017552,57.02741751,"$76,816,932,326.00 ","$1,347,017,552 ",57.02741751
9/8/2017,71356979357,1024260564,69.66682293,"$71,356,979,357.00 ","$1,024,260,564 ",69.66682293
9/10/2017,71691497931,875474656,81.88871881,"$71,691,497,931.00 ","$875,474,656 ",81.88871881
9/12/2017,69874102307,906438524,77.08642169,"$69,874,102,307.00 ","$906,438,524 ",77.08642169
9/14/2017,54993571515,889710944,61.81060477,"$54,993,571,515.00 ","$889,710,944 ",61.81060477
9/16/2017,62365306432,753316072,82.78770196,"$62,365,306,432.00 ","$753,316,072 ",82.78770196
9/18/2017,67843960761,838578662,80.90351431,"$67,843,960,761.00 ","$838,578,662 ",80.90351431
9/20/2017,65938973200,736406710,89.54151601,"$65,938,973,200.00 ","$736,406,710 ",89.54151601
