,date,open,high,low,close,volume
0,2013/9/1,806.37,815,803.2,811.42,84.2276
1,2013/9/2,810.6,816.7,801,811,317.1206
2,2013/9/3,809.7,812,797.9,801.37,304.0173
3,2013/9/4,801,802.2,797,798.2,308.53
4,2013/9/5,800,802,663.27,752.3,1016.1104
5,2013/9/6,752.3,752.3,723.64,739.98,518.1195
6,2013/9/7,739.2,740.4,696.9,725,1033.8905
7,2013/9/8,725.79,732,715.85,715.86,698.429
8,2013/9/9,715.86,769.05,711.81,755.26,766.0423
9,2013/9/10,756,763,500,749,1726.9743
10,2013/9/11,747,757,722,749,1190.6702
11,2013/9/12,748.99,768.3,746,759,828.1462
12,2013/9/13,758,766.76,754,762.61,594.4632
13,2013/9/14,763.23,766.58,753.2,753.25,2145.4302
14,2013/9/15,754.44,761,741.76,754.25,696.2108
15,2013/9/16,755.68,758.08,745,756.6,907.4939
16,2013/9/17,752.14,757.59,748.63,753.9,968.4375
17,2013/9/18,755.4,765,754.6,758.8,424.1958
18,2013/9/19,758.8,763,754.4,755,329.9089
19,2013/9/20,755.76,755.76,738,743,675.4576
20,2013/9/21,743,747.61,740.69,740.69,577.7013
21,2013/9/22,740.26,747,740.26,745.61,424.791
22,2013/9/23,745.61,746,730.43,736,450.8465
23,2013/9/24,735.95,741,729.3,729.3,684.1842
24,2013/9/25,733,751.5,732.9,747,1123.5083
25,2013/9/26,747,750.6,745,747.37,737.9142
26,2013/9/27,748.25,760.6,747.4,758,1503.6944
27,2013/9/28,758.17,767,756,762,2118.4571
28,2013/9/29,762,789,760.4,788,2851.3215
29,2013/9/30,786.4,794.2,770,770,2387.7725
30,2013/10/1,773,784.36,766,780.67,1332.8924
31,2013/10/2,780.67,782.1,776,778,1008.3536
32,2013/10/3,778,778,679.11,735,3876.1255
33,2013/10/4,739.5,770,726.01,758,2406.0372
34,2013/10/5,758.1,765.03,753,760,1044.442
35,2013/10/6,760.05,762.24,755,760,1009.8404
36,2013/10/7,755.8,770,755.8,763,1613.0421
37,2013/10/8,763,769,761.5,765,1176.6683
38,2013/10/9,765,800.48,765,793,3191.644
39,2013/10/10,791.06,809,791.06,795.01,3367.0715
40,2013/10/11,795.01,808.88,794.8,801.98,4384.0927
41,2013/10/12,800.5,806.5,798.87,803,1906.7376
42,2013/10/13,803,829,802.21,829,4362.6601
43,2013/10/14,827,900,823.01,874,7573.0006
44,2013/10/15,874,885.49,857.2,885.49,3451.6425
45,2013/10/16,886,929.99,877.13,912,8184.6852
46,2013/10/17,914.05,918.07,885,901,6288.065
47,2013/10/18,901,928,900,926.7,4861.2711
48,2013/10/19,925,1037.35,915.03,1019,17943.5282
49,2013/10/20,1018.89,1021.55,978.5,1019,5572.175
50,2013/10/21,1018.05,1130.75,1014.2,1119.68,13998.3863
51,2013/10/22,1120,1359.99,1106.3,1193,15649.8959
52,2013/10/23,1192.97,1265,1192.97,1243.8,8680.2319
53,2013/10/24,1243.8,1324,1029,1218,14942.907
54,2013/10/25,1218,1220.5,1020.01,1075,12866.967
55,2013/10/26,1070,1175,1020.1,1079.9,8040.8104
56,2013/10/27,1076.1,1134.8,1075,1131.3,4489.1749
57,2013/10/28,1131.3,1238.1,1027.1,1236.9,10568.0539
58,2013/10/29,1233.1,1278,1220.81,1258,6815.5408
59,2013/10/30,1257,1280,1240,1266,7155.1013
60,2013/10/31,1266,1271,1236,1259,6256.6444
61,2013/11/1,1258.1,1267,1256,1264.88,5049.3509
62,2013/11/2,1265,1277.5,1262,1268.98,5569.6958
63,2013/11/3,1269,1284.54,1263.01,1279.1,5276.0672
64,2013/11/4,1279,1396,1279,1393,17534.7777
65,2013/11/5,1393,1515.3,1375.01,1512.5,25318.7851
66,2013/11/6,1512.5,1634.99,1488,1624,22487.8649
67,2013/11/7,1618,1949.99,1608,1851.21,39293.8478
68,2013/11/8,1851.3,2046,1812.1,2042,27105.2219
69,2013/11/9,2043,2700,2042,2500,44900.0594
70,2013/11/10,2500,2548.7,1925,1925,48646.8235
71,2013/11/11,1925,2249.9,1862,2225,29828.3586
72,2013/11/12,2225,2445,2110,2351,37576.4591
73,2013/11/13,2351,2498,2330.11,2476,28487.5867
74,2013/11/14,2479,2675,2471.9,2641.49,37894.337
75,2013/11/15,2641.59,2800,2605,2729,22516.8875
76,2013/11/16,2729,2793.12,2629,2758,31260.4646
77,2013/11/17,2758,3029,2741,2983,40083.635
78,2013/11/18,2983,4150,2980,4140,71729.0451
79,2013/11/19,4140,8000,4002,5685,83651.6276
80,2013/11/20,5680,6199,3450,4156,59877.0372
81,2013/11/21,4156,4995,4001.11,4908,44955.0942
82,2013/11/22,4899,5189,4650.1,5002,44919.2222
83,2013/11/23,5003,5955,4941,5605,48220.5376
84,2013/11/24,5849,5849,4909,5380,39277.4017
85,2013/11/25,5380,5410,5150,5200,21683.2552
86,2013/11/26,5200,5849,5008,5179.99,23001.0755
87,2013/11/27,5179.98,5880,5158.03,5737.2,38009.6359
88,2013/11/28,5738,6700,5510,6655,46897.6673
89,2013/11/29,6655,7550,6450,7097,40175.8007
90,2013/11/30,7097,7500,6902,7222,21065.2807
91,2013/12/1,7222,7349,5500,6500,42223.2458
92,2013/12/2,6500.01,6570,5827,6170.95,41221.6745
93,2013/12/3,6170.95,6600,5950,6389.1,14162.5319
94,2013/12/4,6389.1,6950,6370.95,6748,20545.929
95,2013/12/5,6748,7000,5000,5997,49129.8609
96,2013/12/6,5993.1,6270,5750,5850,20990.8355
97,2013/12/7,5850,6048.9,4201,4768,55534.2714
98,2013/12/8,4765,5000.01,4550,4718,24424.1152
99,2013/12/9,4718,5550,4701,5334,40551.752
100,2013/12/10,5329,5838,5300,5707,27244.4795
101,2013/12/11,5702.1,6080,5150,5450,52556.3889
102,2013/12/12,5450,5650,5251,5425,31730.8635
103,2013/12/13,5425.1,5655,5312,5499,30700.5107
104,2013/12/14,5497.89,5546,5145,5370,24925.1556
105,2013/12/15,5370,5380,4950,5229,33819.761
106,2013/12/16,5229,5345,4577.77,4705.1,42226.6741
107,2013/12/17,4705.1,4720,3105,3813,86320.9462
108,2013/12/18,3818,3928,2119.99,2839,110786.8182
109,2013/12/19,2840,3579,2562,3462,106477.2242
110,2013/12/20,3464.99,4288,3436,3985,89760.1192
111,2013/12/21,3985,4099,3250,3486,77599.4389
112,2013/12/22,3486,3956,3310,3771,80682.2047
113,2013/12/23,3774,3866,3666,3725,44532.1191
114,2013/12/24,3724,3970,3690,3828,47522.5394
115,2013/12/25,3828,3960,3763.12,3933,57988.1474
116,2013/12/26,3933,4326,3892,4288.07,95557.4587
117,2013/12/27,4290,4555,4200,4400.01,140844.0891
118,2013/12/28,4403.39,4450,4315,4390,47033.6182
119,2013/12/29,4390,4398,4203,4278,63211.1854
120,2013/12/30,4275,4410,4250,4363,50103.8396
121,2013/12/31,4363.4,4399.9,4240,4373,44691.2363
122,2014/1/1,4373.1,4395,4335,4354,30469.8835
123,2014/1/2,4352.55,4379.1,4340.08,4370.4,18563.5116
124,2014/1/3,4370.3,4848,4368.9,4745,112668.3285
125,2014/1/4,4745.47,4850,4649.92,4834,70463.9936
126,2014/1/5,4834,5555,4831,5345,126020.4199
127,2014/1/6,5345,5999,5272,5380,176788.4789
128,2014/1/7,5361,5842.77,4900,5367,136717.6909
129,2014/1/8,5364.2,5366,4200,4662,196244.126
130,2014/1/9,4662,5089,4611,4909,105943.681
131,2014/1/10,4911,5058,4888,5004.89,58678.8958
132,2014/1/11,5004,5499,5002.41,5447.11,133467.0816
133,2014/1/12,5447.11,5549,5050,5259,130265.2188
134,2014/1/13,5255,5280,4640,4835,129104.859
135,2014/1/14,4835,5080,4738,4971,100056.334
136,2014/1/15,4965.11,5195,4953.1,5122,91914.6105
137,2014/1/16,5118.35,5157,4865,5001.99,68522.0987
138,2014/1/17,5001.6,5002.51,4791,4835,73671.5842
139,2014/1/18,4835,4924.44,4792.01,4850.99,47544.223
140,2014/1/19,4854,5121,4835,5065,52393.8711
141,2014/1/20,5063.1,5150,4968,4984,82670.8025
142,2014/1/21,4984,5069,4950.1,5000,41041.0618
143,2014/1/22,5000,5050,4970.2,4975,29295.144
144,2014/1/23,4975.88,5007.01,4888,4923.98,27388.122
145,2014/1/24,4923.98,4940,4538,4734.59,84609.2971
146,2014/1/25,4753.02,4848,4670,4778.2,54159.1351
147,2014/1/26,4778.2,5150,4773,5017,88773.9272
148,2014/1/27,5016.31,5086,4855,4929.8,59934.3214
149,2014/1/28,4929.79,4929.79,4600,4796.98,99916.3519
150,2014/1/29,4798,4848,4722,4804.99,41815.8386
151,2014/1/30,4805,4847,4734,4823,25856.2931
152,2014/1/31,4821.99,4900,4813,4865.98,22042.4512
153,2014/2/1,4866.01,4994,4855.1,4945,27767.4256
154,2014/2/2,4945.02,5026.99,4925,4986.01,26816.6777
155,2014/2/3,4987.01,4998,4870,4917.8,25873.1914
156,2014/2/4,4917.79,4921.88,4871.6,4909.99,18779.5519
157,2014/2/5,4910.01,4950,4904.98,4913,16043.6674
158,2014/2/6,4913,4913.98,4756,4804,42171.0841
159,2014/2/7,4802.91,4810,4388,4600,124860.4977
160,2014/2/8,4601,4660.9,4485,4550.01,75348.4064
161,2014/2/9,4551.01,4599,4450,4486.98,72668.888
162,2014/2/10,4486.98,4535,3507.98,4152.99,121703.6467
163,2014/2/11,4151,4386,4055,4263.01,113527.8418
164,2014/2/12,4263.01,4315,3874.03,4000,141407.7256
165,2014/2/13,4000,4069.8,3800,3962.79,80699.464
166,2014/2/14,3962.79,4035.9,3280.81,3991,211935.5509
167,2014/2/15,3991,4141.82,3833.01,4024,151277.9479
168,2014/2/16,4023,4044,3780.3,3825.55,107932.3344
169,2014/2/17,3825.54,4000,3667,3929,131769.6378
170,2014/2/18,3928,3961,3791,3800,77558.2426
171,2014/2/19,3800,3877.98,3790.08,3814,38951.6159
172,2014/2/20,3814.97,3850,3580,3627.8,112143.5042
173,2014/2/21,3627.8,3645,3267,3428.99,194593.8272
174,2014/2/22,3428.99,3628,3400.9,3516,116332.6347
175,2014/2/23,3516,3920,3515.99,3800,224078.1566
176,2014/2/24,3798.05,3859.9,3548,3625.07,166863.3054
177,2014/2/25,3625.07,3640,3040.99,3375.02,334562.3555
178,2014/2/26,3375.02,3627.99,3227.99,3472,254801.6691
179,2014/2/27,3471.01,3610,3462.99,3535,140844.3989
180,2014/2/28,3534,3570,3380.1,3420,114792.6895
181,2014/3/1,3421,3509,3376,3447.99,104047.5818
182,2014/3/2,3447.86,3497.5,3420.13,3438,48569.7179
183,2014/3/3,3438.02,3745.02,3420.5,3687.03,147378.3399
184,2014/3/4,3688,4296.89,3653,4205.01,339836.8291
185,2014/3/5,4205,4209,3850.01,3930.04,220155.5261
186,2014/3/6,3930,4020,3875,3918,100085.5329
187,2014/3/7,3918.13,3946.23,3810,3842,88527.2531
188,2014/3/8,3842,3882,3642.02,3657.01,121528.674
189,2014/3/9,3657.01,3836.66,3630,3805.2,110987.0862
190,2014/3/10,3805.21,3865,3768.1,3787,94244.4552
191,2014/3/11,3787,3838,3770,3789,57127.7129
192,2014/3/12,3789.98,3885.99,3786.3,3867.44,78274.4935
193,2014/3/13,3867.44,3938.39,3857,3910.12,66201.1439
194,2014/3/14,3910.12,3925,3795,3832,78300.0773
195,2014/3/15,3832.11,3850.02,3810,3831.97,36922.0161
196,2014/3/16,3831.97,3866,3830,3833.02,29396.298
197,2014/3/17,3833.02,3848,3729.9,3766.05,59703.4314
198,2014/3/18,3767,3768,3657.85,3702.01,85295.1452
199,2014/3/19,3703,3818.01,3695,3740.01,64560.8224
200,2014/3/20,3740.01,3750,3628.99,3648.9,46581.2159
201,2014/3/21,3647.07,3706,3213.1,3556.03,150476.4549
202,2014/3/22,3556.5,3560.04,3440,3460.17,58733.3853
203,2014/3/23,3460.84,3489.9,3441,3452.22,18627.7187
204,2014/3/24,3452.2,3486.02,3376,3448,63194.2459
205,2014/3/25,3448.1,3593.9,3441.05,3539,62466.15
206,2014/3/26,3539,3626,3494.33,3599.82,87075.026
207,2014/3/27,3599.82,3602.27,3018.88,3126.03,188773.4582
208,2014/3/28,3128.02,3215,2801,3030,210370.4625
209,2014/3/29,3030,3062,2950,2996.62,40848.6254
210,2014/3/30,2996.62,3004.99,2731,2785,75817.5847
211,2014/3/31,2783.98,2897.3,2600,2794.9,114991.5606
212,2014/4/1,2794.9,2918,2705.51,2853.51,93991.0441
213,2014/4/2,2853.8,3002,2621.1,2689.81,135233.7758
214,2014/4/3,2689.81,2710.02,2410.08,2659,158854.5389
215,2014/4/4,2658.98,2789.01,2581.01,2749,115948.9638
216,2014/4/5,2749,2834.98,2710.02,2820.01,60042.5039
217,2014/4/6,2820.01,2900,2788,2834.8,66267.5472
218,2014/4/7,2834.8,2878,2769.13,2784.06,42217.3324
219,2014/4/8,2783.5,2850,2740.22,2788,53103.3785
220,2014/4/9,2788.96,2826.91,2698.99,2735.66,44155.7305
221,2014/4/10,2738.08,2761,2420.11,2461.9,98381.1513
222,2014/4/11,2462,2710,2223.22,2595.02,162652.2669
223,2014/4/12,2595.02,2781,2593,2680.24,89295.4748
224,2014/4/13,2680.24,2691.01,2530,2545.1,42926.4891
225,2014/4/14,2545.2,2935.99,2505,2860,113346.051
226,2014/4/15,2860.98,3183,2831,3113,172155.8253
227,2014/4/16,3113,3449.21,3101.01,3186.01,164052.7323
228,2014/4/17,3187,3350,3023,3094,115702.4777
229,2014/4/18,3096,3135,2945.98,2974.95,61830.6251
230,2014/4/19,2974.95,3170.07,2912,3085.03,78445.3445
231,2014/4/20,3085,3225.02,3080.09,3103,51983.4406
232,2014/4/21,3103.02,3255,3060.03,3127.19,70586.2523
233,2014/4/22,3128.99,3195,3067.1,3128.5,58486.3822
234,2014/4/23,3128.5,3131.92,3050.18,3065,26268.5614
235,2014/4/24,3065,3115,3019.98,3086.79,44785.3642
236,2014/4/25,3086.76,3155,2658.94,2771,129245.033
237,2014/4/26,2769.96,2867.09,2720,2842,41629.2464
238,2014/4/27,2841.12,2854.98,2772.09,2777.37,18749.6246
239,2014/4/28,2777.38,2782.03,2555,2698,85260.2709
240,2014/4/29,2698,2781.6,2650,2761.98,63492.705
241,2014/4/30,2761.97,2824.8,2660.25,2797.82,70056.6278
242,2014/5/1,2797.95,2859.59,2775.08,2798,30042.8893
243,2014/5/2,2798,2829.98,2715,2737.2,24346.6178
244,2014/5/3,2737.19,2757.46,2683,2695.95,19630.7214
245,2014/5/4,2695.95,2748.92,2664,2701.97,33688.659
246,2014/5/5,2701.92,2719,2636.66,2662.84,21886.3786
247,2014/5/6,2662.72,2712.2,2559.04,2675,56881.0714
248,2014/5/7,2675.46,2747.9,2656,2742.27,41362.5347
249,2014/5/8,2741.03,2810.68,2729.96,2747.75,44898.187
250,2014/5/9,2747.76,2820.95,2723,2815,34402.541
251,2014/5/10,2815.02,2843.95,2785.1,2797.46,26809.9683
252,2014/5/11,2797.1,2818,2671.1,2686.02,29948.6299
253,2014/5/12,2686.02,2729.6,2671.5,2720.02,27471.5897
254,2014/5/13,2720.02,2728.99,2688,2699.97,17627.5018
255,2014/5/14,2698.85,2746.88,2694.97,2738.91,23860.0474
256,2014/5/15,2737.52,2790,2730,2773.02,24929.4035
257,2014/5/16,2773.2,2816.33,2730,2790,34926.5566
258,2014/5/17,2789.51,2800,2775.01,2779.97,10225.9483
259,2014/5/18,2780,2785,2757.82,2760,9049.0299
260,2014/5/19,2760.49,2772.45,2749.11,2766.74,12573.9533
261,2014/5/20,2766.63,2891.98,2761.1,2885.06,37096.244
262,2014/5/21,2890,3090,2885,3047.11,52654.8995
263,2014/5/22,3046.82,3199,3026.3,3157.85,60052.7918
264,2014/5/23,3157.86,3376.94,3155.34,3291.41,76075.605
265,2014/5/24,3292.98,3294.98,3184,3215.73,38464.0392
266,2014/5/25,3215.33,3587.16,3203.02,3520,97457.0784
267,2014/5/26,3520,3673.7,3516.94,3607.09,65188.8064
268,2014/5/27,3608.08,3660,3453.97,3520,51994.0269
269,2014/5/28,3515.36,3635.13,3500,3557,42427.263
270,2014/5/29,3557.82,3585,3476.92,3524,27781.0633
271,2014/5/30,3524.02,3801.51,3511,3767.97,54228.0015
272,2014/5/31,3767.97,3899.99,3750.05,3869.03,46528.075
273,2014/6/1,3869.03,4220.03,3864,4135,68975.7135
274,2014/6/2,4134.97,4214.8,3895,3920.73,60568.6377
275,2014/6/3,3920.68,4228,3913,4188,60992.969
276,2014/6/4,4188,4211.01,3756,4020,80286.4041
277,2014/6/5,4019.97,4166,3950.97,4102.99,56241.5518
278,2014/6/6,4102.96,4133.78,4046.32,4099.94,36061.4371
279,2014/6/7,4099.94,4120,4010.8,4080.03,32408.2174
280,2014/6/8,4080.33,4102.25,4060,4071.99,16555.0696
281,2014/6/9,4072.13,4082,4000,4030,21529.6994
282,2014/6/10,4030,4135,4011,4106.04,24415.7805
283,2014/6/11,4106.05,4144.89,4020,4048.41,33533.8882
284,2014/6/12,4047.02,4064.97,3888,3888,35070.4246
285,2014/6/13,3892.89,3929.55,3700,3791.1,65169.7781
286,2014/6/14,3791.1,3837.95,3580.56,3584.85,50448.6467
287,2014/6/15,3583.06,3674,3505.3,3537.77,58478.4555
288,2014/6/16,3538.98,3789,3528,3729.3,62627.1547
289,2014/6/17,3729.3,3773.11,3716.1,3754.92,23415.0971
290,2014/6/18,3754,3839.19,3745,3788.82,36751.8405
291,2014/6/19,3788.51,3830,3768.11,3773.82,28849.8327
292,2014/6/20,3773.85,3794.9,3678,3700.7,33590.6124
293,2014/6/21,3700.8,3750.65,3657,3730.03,25244.8939
294,2014/6/22,3730.05,3800.65,3716,3775.1,27551.8031
295,2014/6/23,3775.1,3783.53,3643.39,3693.84,37227.9718
296,2014/6/24,3693.75,3725,3660,3715,24982.812
297,2014/6/25,3713.51,3720,3566.94,3593,41311.4267
298,2014/6/26,3593,3614.02,3539.99,3587.44,34057.929
299,2014/6/27,3587.44,3726.99,3585,3706,33207.5347
300,2014/6/28,3706,3810,3676,3746.6,44413.5108
301,2014/6/29,3746.15,3783,3711.03,3721.97,22326.7484
302,2014/6/30,3721.98,3930,3717.36,3873.09,69554.2997
303,2014/7/1,3873.21,4084.99,3867,4027.48,76719.0439
304,2014/7/2,4027.61,4055,3926.64,4039,51491.1399
305,2014/7/3,4039,4075.01,3960,3973.7,48935.6646
306,2014/7/4,3973.67,4018,3911,3938.87,34619.1172
307,2014/7/5,3938,3945,3875.3,3914,24627.1405
308,2014/7/6,3914,3936,3875.12,3906.06,23772.4522
309,2014/7/7,3906.06,3927.88,3811.53,3816.01,26208.2636
310,2014/7/8,3816.01,3876.03,3791.29,3837.31,23077.7379
311,2014/7/9,3837.37,3869.65,3815.48,3831,17196.9931
312,2014/7/10,3832.31,3860,3756,3782.31,21720.2544
313,2014/7/11,3782.63,3886.45,3775,3858.64,22813.8822
314,2014/7/12,3859.86,3919,3836.49,3844.06,20722.1196
315,2014/7/13,3844.06,3920,3836,3864.23,22827.4509
316,2014/7/14,3864,3866.66,3777,3792.16,18253.6866
317,2014/7/15,3792.27,3844,3783.42,3820,13959.9703
318,2014/7/16,3819,3830,3767.09,3785.63,13912.8744
319,2014/7/17,3786.9,3885,3761,3851.06,16570.0405
320,2014/7/18,3854.79,3875.8,3820,3820.47,19030.7888
321,2014/7/19,3820.02,3917,3817.98,3871.01,20925.0574
322,2014/7/20,3871.45,3880.05,3830.48,3837.25,7889.8574
323,2014/7/21,3837.26,3850,3815,3842,11001.2584
324,2014/7/22,3841.97,3865,3824,3837.26,9779.4105
325,2014/7/23,3836.26,3846.6,3830,3842,5987.5281
326,2014/7/24,3842.14,3843.5,3701.11,3733,21319.2551
327,2014/7/25,3733.9,3760.6,3701,3717.66,16757.1738
328,2014/7/26,3717.57,3725,3659.98,3672.47,18479.64
329,2014/7/27,3672.83,3713.17,3667.62,3681.95,12313.1679
330,2014/7/28,3682.12,3685,3564.44,3595.38,29859.5528
331,2014/7/29,3595.81,3639.1,3566,3591.17,21429.9119
332,2014/7/30,3592.68,3610,3523.1,3553.33,16411.8541
333,2014/7/31,3554.71,3645,3468,3601.99,45888.1989
334,2014/8/1,3599.21,3705.43,3595.07,3703,39535.4111
335,2014/8/2,3698.48,3703.6,3607.57,3612.75,31245.5382
336,2014/8/3,3612.65,3642,3567.46,3633.16,16157.2487
337,2014/8/4,3633.14,3655,3605,3643.07,15103.953
338,2014/8/5,3643.07,3655,3592.83,3614.49,21769.1962
339,2014/8/6,3615.33,3638.88,3606,3617.57,12856.2842
340,2014/8/7,3617.57,3645,3606,3630.84,11651.9168
341,2014/8/8,3629.44,3733.09,3627.13,3659.48,23943.0516
342,2014/8/9,3658.57,3667.2,3611.64,3629.81,10030.9648
343,2014/8/10,3629.81,3670,3615.3,3637.86,23960.1954
344,2014/8/11,3637.93,3648.24,3615,3616.35,9670.1029
345,2014/8/12,3615.53,3624.8,3450.87,3480.16,38746.0794
346,2014/8/13,3478.73,3529,3207.01,3290,38582.1798
347,2014/8/14,3290,3346.23,3040.03,3092,61935.8731
348,2014/8/15,3092.03,3180,3039.97,3057,43026.6009
349,2014/8/16,3056.91,3137.98,2895.79,3093.03,57408.3217
350,2014/8/17,3093.02,3216.98,2965.1,3008.97,39269.7489
351,2014/8/18,3007.21,3027.34,2751,2843.49,54230.6037
352,2014/8/19,2843.54,2945.34,2769.39,2904.96,46927.2486
353,2014/8/20,2904.96,3147.49,2862.51,3121.23,57224.7303
354,2014/8/21,3120.01,3290,3067,3183.24,65607.8792
355,2014/8/22,3183.24,3209.77,3057.97,3188.03,44465.4229
356,2014/8/23,3188.03,3189.87,3043,3079.87,32038.4153
357,2014/8/24,3079.87,3109.99,3021,3079.63,22513.768
358,2014/8/25,3079.88,3150.05,3052.6,3072.66,19541.6673
359,2014/8/26,3072.66,3155.9,3055.89,3133.79,25851.989
360,2014/8/27,3134.78,3230,3120,3155.17,30614.227
361,2014/8/28,3155.17,3190.6,3105.21,3110.65,21949.4491
362,2014/8/29,3110.7,3155,3086,3129.46,20239.2363
363,2014/8/30,3129.48,3142,3081,3083.88,12594.7483
364,2014/8/31,3083.88,3099.08,2967,2986.94,18085.997
365,2014/9/1,2987.99,2998,2890,2941.33,25419.9207
366,2014/9/2,2941.96,2948.75,2874.97,2930,20869.1481
367,2014/9/3,2929.89,2959.51,2903.31,2924.93,16548.2421
368,2014/9/4,2924,3035,2900,3011.99,20652.8417
369,2014/9/5,3011.27,3028.05,2960.99,2977.73,20461.9913
370,2014/9/6,2976.51,2990.22,2950,2972.17,11877.7257
371,2014/9/7,2972.17,2990.36,2958.6,2974,10674.2133
372,2014/9/8,2974,2978,2881,2916.76,18674.0329
373,2014/9/9,2916.88,2945,2857.03,2879,20915.4789
374,2014/9/10,2878.93,2969.57,2870,2952.8,23244.9344
375,2014/9/11,2953.4,2962,2911,2924.9,17472.5197
376,2014/9/12,2924.9,2930,2891,2920,18946.4846
377,2014/9/13,2919.9,2943.55,2910,2930.8,14444.6986
378,2014/9/14,2930.8,2940,2906.03,2924.59,15273.4104
379,2014/9/15,2924.26,2927.99,2902,2916.58,10866.7689
380,2014/9/16,2916.42,2920,2865,2870.6,14026.4502
381,2014/9/17,2870.43,2879.85,2811.81,2827.12,16351.2529
382,2014/9/18,2826.11,2829.49,2645.13,2679.52,31913.0637
383,2014/9/19,2679.45,2679.45,2358,2465.49,78676.4809
384,2014/9/20,2465.8,2615.48,2366,2565.55,59425.6675
385,2014/9/21,2564,2608.46,2415,2474.16,65984.6933
386,2014/9/22,2473.81,2505.66,2432,2464.18,38757.1833
387,2014/9/23,2464.32,2497.06,2410,2436.09,33279.3671
388,2014/9/24,2437.92,2735,2420.11,2623,73839.4577
389,2014/9/25,2623,2639.99,2504.66,2527.03,41772.6781
390,2014/9/26,2528.31,2547.2,2440,2472,32487.4772
391,2014/9/27,2472.68,2490,2420.95,2422,24966.4755
392,2014/9/28,2421.98,2455,2345.1,2360,29178.1713
393,2014/9/29,2359.99,2375.5,2275,2350,50546.0663
394,2014/9/30,2349.99,2377,2294.52,2360.83,37649.7158
395,2014/10/1,2360.83,2428.99,2340,2348.32,44967.6663
396,2014/10/2,2348.32,2365,2290,2297.4,25149.1506
397,2014/10/3,2297.45,2320,2256.21,2265.39,33801.71
398,2014/10/4,2265.39,2278,2089.01,2089.87,65417.9027
399,2014/10/5,2089.01,2120,1850,1861.25,131376.2354
400,2014/10/6,1864.95,2117,1818.18,2096.86,180533.3985
401,2014/10/7,2095.23,2136.03,1986,2020.99,121173.6192
402,2014/10/8,2020.95,2120,2000,2110.21,106711.9699
403,2014/10/9,2110.21,2333.45,2079.03,2304.46,143564.0775
404,2014/10/10,2304.41,2315.99,2183.1,2189.03,135669.9622
405,2014/10/11,2190.05,2270.99,2153.21,2165.1,79176.9218
406,2014/10/12,2165.07,2235,2159.83,2216.83,58910.796
407,2014/10/13,2216.83,2331.98,2208,2299.01,98065.6504
408,2014/10/14,2299.34,2496.23,2255.01,2452.08,142000.0609
409,2014/10/15,2452.11,2495,2383.09,2403,93478.6866
410,2014/10/16,2403,2451.7,2318.12,2339.98,74263.9756
411,2014/10/17,2338.11,2361.55,2285.59,2316.03,74326.0867
412,2014/10/18,2315.11,2394,2260,2370,85887.8233
413,2014/10/19,2370,2423,2352.75,2389.15,52287.7132
414,2014/10/20,2389.15,2394,2326.1,2356,65524.9518
415,2014/10/21,2354.92,2388.78,2322,2372.28,52218.9754
416,2014/10/22,2372.28,2374.99,2318.35,2338.44,42961.7645
417,2014/10/23,2338.44,2341.97,2191.24,2205,93437.7877
418,2014/10/24,2205.05,2220,2158,2194.26,66438.6987
419,2014/10/25,2194.5,2199.7,2090,2139.34,93121.3365
420,2014/10/26,2139.45,2190.09,2112,2139,59961.6949
421,2014/10/27,2139,2175.92,2106.17,2170.2,80765.0265
422,2014/10/28,2171.57,2184,2130,2143,72978.428
423,2014/10/29,2143,2155,2066.13,2076,78943.5353
424,2014/10/30,2076.42,2082.51,2037,2046.26,62660.6631
425,2014/10/31,2046.27,2142,2035.48,2067.55,82067.8198
426,2014/11/1,2067.36,2090,1963.19,1988,76825.0877
427,2014/11/2,1988,2010,1948.95,1968,39805.5134
428,2014/11/3,1968,2034.08,1967,1976,64222.8648
429,2014/11/4,1975.34,2008.87,1952.52,1977.54,107179.9247
430,2014/11/5,1977.43,2069,1965,2054,151940.7254
431,2014/11/6,2054.9,2124.8,2052,2122.51,80860.81
432,2014/11/7,2122.51,2149.98,2079.24,2086.96,204807.1945
433,2014/11/8,2086.97,2130,2080,2085.34,58112.3268
434,2014/11/9,2085.35,2195,2085.31,2179,63091.3115
435,2014/11/10,2179,2286,2175,2268,151084.728
436,2014/11/11,2267.97,2283.78,2217.37,2232,78463.2276
437,2014/11/12,2232,2478.75,2216.13,2463.25,150008.2649
438,2014/11/13,2463.15,2958.11,2460,2688.61,255566.8819
439,2014/11/14,2689.04,2697,2332,2443.92,202885.7499
440,2014/11/15,2443.92,2495,2275.84,2312.76,109329.2846
441,2014/11/16,2313.32,2395,2255.9,2306.83,101711.5049
442,2014/11/17,2307.07,2524.54,2305.5,2451,119029.9035
443,2014/11/18,2451,2458.35,2277,2326.14,115315.9513
444,2014/11/19,2326.96,2383,2294.99,2322.75,74185.0344
445,2014/11/20,2322.75,2346.48,2187.1,2208.34,77503.0191
446,2014/11/21,2210.01,2223,2102.91,2155.11,80916.6163
447,2014/11/22,2155.1,2226.92,2142,2177.05,70099.1633
448,2014/11/23,2177.93,2211.89,2145,2192.17,45621.9418
449,2014/11/24,2191.65,2354,2190.01,2325.35,117952.9395
450,2014/11/25,2325.34,2455.9,2319,2334.06,157176.275
451,2014/11/26,2333.08,2339,2245.33,2299.22,99527.9407
452,2014/11/27,2299.9,2310,2250,2264.32,67665.6555
453,2014/11/28,2263.44,2300,2195.01,2283.9,87657.6006
454,2014/11/29,2283.76,2391,2280,2347.68,119310.5798
455,2014/11/30,2347.68,2365,2286.04,2306.02,60636.5247
456,2014/12/1,2306.06,2369.99,2295,2339.4,70039.1963
457,2014/12/2,2339.36,2381.91,2328.11,2369.35,60347.7915
458,2014/12/3,2369.76,2378,2293,2327.33,55141.4801
459,2014/12/4,2327.92,2340,2271,2288.24,65717.9568
460,2014/12/5,2288.95,2324,2260.01,2313.78,71943.6294
461,2014/12/6,2313.78,2345.61,2281.23,2313.6,74957.8525
462,2014/12/7,2314.04,2318.17,2296.91,2315.9,23837.2259
463,2014/12/8,2315.17,2316.14,2236.04,2263,100597.7269
464,2014/12/9,2263.05,2277.7,2102,2155.22,120282.2738
465,2014/12/10,2155.12,2195,2132.39,2152.35,53168.7243
466,2014/12/11,2152.33,2261.63,2060,2194.28,98731.2562
467,2014/12/12,2193.68,2199.55,2132.28,2168.09,60998.1958
468,2014/12/13,2168.09,2198,2125,2149,55305.6488
469,2014/12/14,2149,2169,2130.11,2152.2,34465.2275
470,2014/12/15,2152.2,2184.04,2140,2153.41,39884.3932
471,2014/12/16,2153.42,2158.44,2042.49,2074.43,93379.6265
472,2014/12/17,2074.31,2084.72,1955.5,1974.67,107771.3648
473,2014/12/18,1974.67,2030,1875,1920.78,116443.5854
474,2014/12/19,1920.73,1960,1896.11,1938.17,58187.0657
475,2014/12/20,1938.2,2046.1,1933,2025.78,88382.6181
476,2014/12/21,2025.79,2041.7,1985.03,2015.6,39528.4319
477,2014/12/22,2015.91,2098,1993,2065.45,67305.857
478,2014/12/23,2065.49,2109,2050.3,2084.1,79876.6088
479,2014/12/24,2084.2,2096,2056.36,2061.64,30954.4293
480,2014/12/25,2061.64,2061.64,1961,1983.97,62323.4921
481,2014/12/26,1983.98,2018,1958.21,2011.81,42937.806
482,2014/12/27,2012.13,2070,1934,1947.55,70415.6515
483,2014/12/28,1947.01,1974.99,1921,1955.69,44876.5789
484,2014/12/29,1955.28,1990,1935,1952.72,81534.7039
485,2014/12/30,1952.72,1954.9,1903.33,1929.37,31819.6384
486,2014/12/31,1929.4,1945,1909.05,1943.9,37004.5176
487,2015/1/1,1943.91,1969.91,1938.59,1950.06,31000.0025
488,2015/1/2,1950.06,1952.49,1935,1944.6,18308.5936
489,2015/1/3,1944.63,1949.8,1845,1862.99,59296.4414
490,2015/1/4,1862.55,1871.98,1582.5,1624,129218.2208
491,2015/1/5,1625.07,1725,1606,1685,106866.0401
492,2015/1/6,1685.27,1715,1646.3,1691.42,68225.6243
493,2015/1/7,1691.04,1778.52,1688.85,1759,93107.4737
494,2015/1/8,1759,1815,1725,1738.73,75126.3116
495,2015/1/9,1738.73,1763,1713,1739.23,43357.1304
496,2015/1/10,1739.48,1773.03,1666,1682.02,73371.7855
497,2015/1/11,1681.12,1705,1635,1645,45331.9176
498,2015/1/12,1644.74,1686.45,1613,1679.2,68661.7661
499,2015/1/13,1679.23,1686.15,1412,1441.1,143175.5533
500,2015/1/14,1441.01,1456,900,1181.01,235165.0616
501,2015/1/15,1182.92,1349,1015.04,1289,209833.5455
502,2015/1/16,1289,1361.17,1202,1269.95,139624.516
503,2015/1/17,1269.81,1300.03,1170,1206.69,117195.257
504,2015/1/18,1206.69,1361,1180,1295,111440.8228
505,2015/1/19,1294.96,1344,1248,1282.92,91090.1
506,2015/1/20,1282.93,1325,1249.99,1293.69,88771.2381
507,2015/1/21,1293.77,1320,1283.55,1305.44,43573.2272
508,2015/1/22,1305.44,1466,1303.64,1424.06,118368.1585
509,2015/1/23,1424.06,1450,1375,1422.17,92836.429
510,2015/1/24,1422.17,1509.95,1408.61,1498,84361.3793
511,2015/1/25,1498,1580,1490.1,1512.94,119847.4367
512,2015/1/26,1512.61,1920.65,1502,1665,292829.962
513,2015/1/27,1664.15,1704.98,1551,1614.16,159708.0003
514,2015/1/28,1614.17,1667.8,1564.35,1583.02,96943.7306
515,2015/1/29,1583.02,1594.65,1370,1435.28,123461.2128
516,2015/1/30,1435.27,1513,1403,1423.07,90882.3771
517,2015/1/31,1423.07,1461.95,1390,1426.49,77681.3441
518,2015/2/1,1426.15,1438,1305.77,1343.8,87268.9409
519,2015/2/2,1343.67,1454.17,1343,1395.72,114337.3408
520,2015/2/3,1395.72,1553.3,1387.65,1482.28,128633.8523
521,2015/2/4,1482.28,1494.24,1364.29,1398.51,93945.1635
522,2015/2/5,1398.51,1430,1337.64,1344.83,76316.7558
523,2015/2/6,1343.06,1401.81,1327.91,1401.77,80403.1867
524,2015/2/7,1401.81,1434,1377,1395.04,79141.7385
525,2015/2/8,1395.86,1424,1362.5,1370.99,67343.9518
526,2015/2/9,1370.99,1399,1345,1365.08,61716.7599
527,2015/2/10,1365.08,1379.66,1336.9,1345.96,43358.5083
528,2015/2/11,1345.96,1403,1344.64,1379.01,51119.123
529,2015/2/12,1379.28,1389.85,1346.4,1366,41961.0542
530,2015/2/13,1366,1499.07,1358.12,1488.87,71678.3393
531,2015/2/14,1489.42,1575,1462.9,1544.53,85692.4531
532,2015/2/15,1544.9,1675.85,1506.94,1530.56,123816.7469
533,2015/2/16,1530.95,1545.01,1406.49,1464.44,84952.4365
534,2015/2/17,1464.45,1498,1444,1490.29,56970.29
535,2015/2/18,1489.64,1534.96,1460.2,1472.19,59372.604
536,2015/2/19,1472,1490,1435.7,1477.54,31178.597
537,2015/2/20,1477.5,1545,1476.58,1515.24,53408.6898
538,2015/2/21,1515.24,1545,1501.68,1518.03,38010.6218
539,2015/2/22,1518.03,1537.66,1455.11,1473.15,41928.5401
540,2015/2/23,1473.02,1480,1450.01,1469.5,34839.9859
541,2015/2/24,1469.41,1497.48,1469.01,1482.4,35994.1172
542,2015/2/25,1482.4,1494.1,1465,1485,30278.826
543,2015/2/26,1485.5,1488,1460,1475.61,23329.3357
544,2015/2/27,1475.7,1644.71,1472.03,1586.01,71802.1235
545,2015/2/28,1586.01,1617.87,1562.08,1584.71,51789.364
546,2015/3/1,1585.36,1606.56,1538,1557,38312.3518
547,2015/3/2,1557,1669.16,1551.72,1633.45,88855.8548
548,2015/3/3,1633.45,1749.2,1632.3,1690.65,109997.9609
549,2015/3/4,1690.66,1796.21,1686.58,1760.93,111306.7538
550,2015/3/5,1761.84,1776,1657,1684,84601.8485
551,2015/3/6,1683.68,1750,1651,1701,85619.2848
552,2015/3/7,1701,1730,1676,1703.08,41180.0412
553,2015/3/8,1703.08,1729,1691.58,1705.8,51225.4704
554,2015/3/9,1705.8,1780.9,1697,1768.1,75129.7943
555,2015/3/10,1768.1,1891.07,1764.46,1824,136399.5245
556,2015/3/11,1824,1870,1806,1855.57,68232.8325
557,2015/3/12,1855.32,1870,1822,1837.38,64405.5863
558,2015/3/13,1837.53,1857.75,1790.83,1822.95,64936.1357
559,2015/3/14,1822.95,1828.78,1762.2,1783,53824.0529
560,2015/3/15,1783,1790,1751,1780.11,37349.1147
561,2015/3/16,1780.11,1845,1775.99,1828.7,61092.7589
562,2015/3/17,1828.7,1832.36,1790,1800.08,44536.6462
563,2015/3/18,1800,1802,1657,1694.65,85996.6523
564,2015/3/19,1694.68,1701.36,1531.97,1618.29,135210.8664
565,2015/3/20,1618.37,1644.24,1562,1623.56,89990.533
566,2015/3/21,1623.56,1631,1571.55,1622.26,65861.4594
567,2015/3/22,1622.26,1630.48,1597.31,1614.86,41369.5436
568,2015/3/23,1614.86,1674.52,1609.22,1649.2,78688.0129
569,2015/3/24,1648.8,1655.96,1480,1507.87,106935.4236
570,2015/3/25,1507.89,1549,1435,1534.79,111372.4058
571,2015/3/26,1534.79,1595,1498.34,1562,105312.9789
572,2015/3/27,1562,1594.15,1512.22,1537.3,70103.0507
573,2015/3/28,1537.27,1586,1521,1565.88,59182.9803
574,2015/3/29,1565.88,1577.85,1470,1513,46430.9322
575,2015/3/30,1512.95,1539,1468.46,1527.62,60083.8722
576,2015/3/31,1527.62,1550,1495.11,1506,48249.8628
577,2015/4/1,1505.95,1528.33,1482.64,1508.1,47319.7595
578,2015/4/2,1508.05,1548,1505,1537.63,56568.2362
579,2015/4/3,1537.68,1596.62,1537.68,1583.14,77047.3323
580,2015/4/4,1583.29,1584.36,1550.1,1563.81,35046.8406
581,2015/4/5,1563.81,1605,1556.4,1595.04,38030.048
582,2015/4/6,1594.78,1621.67,1588,1595.88,39839.328
583,2015/4/7,1595.88,1599.71,1563,1580.49,44292.8968
584,2015/4/8,1580.79,1589.18,1480,1512.16,64446.9915
585,2015/4/9,1512.16,1516.4,1465.02,1514,70552.6134
586,2015/4/10,1514,1520,1435,1445.64,66415.6879
587,2015/4/11,1445.99,1507.5,1430,1469.98,76049.3217
588,2015/4/12,1470,1474.6,1440,1462.81,41674.7316
589,2015/4/13,1462.89,1472.9,1445,1455.05,32608.6892
590,2015/4/14,1455.05,1459.9,1341.62,1354.53,80640.0889
591,2015/4/15,1355.81,1381.78,1339,1367.32,50697.5248
592,2015/4/16,1367.47,1412.92,1364,1405.63,52610.9776
593,2015/4/17,1405.95,1428.51,1364.65,1376.47,66191.3182
594,2015/4/18,1376.47,1393,1362.18,1378.22,60125.0362
595,2015/4/19,1378.22,1407,1374.18,1398.5,29669.3637
596,2015/4/20,1398.5,1403.99,1364.81,1386.26,49786.1594
597,2015/4/21,1386.2,1403.49,1380.51,1399.19,33897
598,2015/4/22,1399.2,1500,1393.65,1470.8,62182.1901
599,2015/4/23,1470.66,1478.38,1450,1459.93,35608.0517
600,2015/4/24,1459.93,1474,1429,1438.69,56780.4789
601,2015/4/25,1438.69,1449,1409,1419.95,37592.1841
602,2015/4/26,1419.65,1425,1323.25,1327.48,66524.0944
603,2015/4/27,1327.48,1380.56,1325.99,1374.9,52649.7869
604,2015/4/28,1374.9,1431,1364,1392.5,64415.9605
605,2015/4/29,1392.5,1408.96,1375.31,1390.1,39113.9815
606,2015/4/30,1390.1,1462.95,1382,1443.98,70381.4314
607,2015/5/1,1443.98,1478.2,1435.22,1448,60615.8855
608,2015/5/2,1448,1458.68,1429.94,1447.92,35799.12
609,2015/5/3,1448.04,1516,1444.9,1496.5,65393.3749
610,2015/5/4,1496.25,1509.67,1466.02,1468.84,44343.8066
611,2015/5/5,1469.06,1483.13,1437,1458.14,45929.9123
612,2015/5/6,1458.16,1466,1446.56,1454.23,30911.6742
613,2015/5/7,1454.21,1460.5,1408.6,1429.59,45817.1619
614,2015/5/8,1429.59,1522.68,1429.59,1519.03,58870.1855
615,2015/5/9,1518.43,1550,1479,1495.5,69015.3967
616,2015/5/10,1495.55,1524,1475.07,1490.46,48958.0154
617,2015/5/11,1490.4,1508.27,1481.1,1503.7,42688.4361
618,2015/5/12,1503.7,1520.7,1485.06,1500.12,46046.6429
619,2015/5/13,1500.34,1517.9,1495.15,1509.5,30350.3217
620,2015/5/14,1509.5,1513,1442,1464.22,40327.5161
621,2015/5/15,1464.22,1480.23,1436.5,1471.31,33953.665
622,2015/5/16,1471.31,1474.94,1458.5,1467.73,16898.8968
623,2015/5/17,1467.96,1478.34,1452.12,1474.76,18317.5763
624,2015/5/18,1474.94,1475.93,1460,1465.96,13638.133
625,2015/5/19,1466.03,1470,1437.28,1448.05,26665.9763
626,2015/5/20,1448.01,1455,1440.81,1453.93,12590.8758
627,2015/5/21,1454,1468,1441,1462.68,23916.39
628,2015/5/22,1462.98,1475.19,1457.2,1469.8,25768.4748
629,2015/5/23,1469.8,1506.75,1467.46,1495.44,42089.2168
630,2015/5/24,1495.44,1501,1481.36,1499.19,29990.5498
631,2015/5/25,1499.42,1516,1470.1,1482.98,28846.4358
632,2015/5/26,1482.98,1487.98,1467,1481.02,27657.623
633,2015/5/27,1481,1499.12,1477.1,1480,23623.0469
634,2015/5/28,1480,1488.42,1475,1483.71,18585.5043
635,2015/5/29,1483.44,1487.99,1466.01,1476.9,25094.6884
636,2015/5/30,1476.9,1481.39,1442.8,1451.19,29985.7712
637,2015/5/31,1451.19,1454.24,1433.33,1445.3,17269.1727
638,2015/6/1,1445.3,1448.96,1381,1386.4,28009.247
639,2015/6/2,1386.26,1416.4,1375.04,1408.27,30068.0188
640,2015/6/3,1408.16,1417.57,1390.95,1404.92,21242.2787
641,2015/6/4,1404.92,1417,1391.26,1404.5,24159.2879
642,2015/6/5,1404.5,1411.07,1385.71,1402.47,34270.1373
643,2015/6/6,1402.52,1404.65,1390.06,1394.28,16188.2184
644,2015/6/7,1394.28,1402.9,1371.06,1376.73,16412.6052
645,2015/6/8,1376.73,1415.58,1373.86,1408.64,33643.6669
646,2015/6/9,1408.55,1431.66,1402.49,1423.19,38779.5614
647,2015/6/10,1423.19,1432.5,1413.2,1416.63,33224.7747
648,2015/6/11,1416.98,1427.22,1407.5,1422.43,29557.4293
649,2015/6/12,1422.58,1435,1418.94,1433,31434.6605
650,2015/6/13,1433.1,1434.3,1420,1432.92,28645.7886
651,2015/6/14,1432.93,1464.78,1430,1450.59,43518.833
652,2015/6/15,1450.59,1468.99,1448.5,1465.38,40453.1236
653,2015/6/16,1465.34,1628,1464.81,1583.56,89885.8481
654,2015/6/17,1583.56,1650,1540,1576.32,116739.831
655,2015/6/18,1576.32,1605.54,1524.06,1562.72,76801.6004
656,2015/6/19,1562.72,1581.84,1520.01,1535.02,61086.9305
657,2015/6/20,1535.11,1538.45,1486.1,1525.53,69417.6643
658,2015/6/21,1525.53,1539,1503.44,1511.33,38374.9378
659,2015/6/22,1511.13,1550,1497.96,1537.99,49011.8909
660,2015/6/23,1538,1549.8,1506.1,1524.09,42869.6708
661,2015/6/24,1524.2,1527.76,1486.96,1490.13,38883.6726
662,2015/6/25,1490.64,1513.7,1486.06,1507.68,42979.4599
663,2015/6/26,1507.63,1511.99,1492.93,1497.5,46933.3492
664,2015/6/27,1497.53,1537.68,1496.04,1535.59,40251.172
665,2015/6/28,1535.59,1575,1532.19,1554.12,46997.6459
666,2015/6/29,1554.12,1588.01,1530,1585.69,49749.0937
667,2015/6/30,1585.34,1670,1580.01,1649.89,104956.4042
668,2015/7/1,1649.89,1650.37,1576.66,1597.14,83193.7957
669,2015/7/2,1597.2,1624.99,1554.43,1569.84,68206.9535
670,2015/7/3,1569.83,1587.87,1553.2,1571.11,36687.8374
671,2015/7/4,1571.14,1603.83,1558.56,1598.23,42012.3472
672,2015/7/5,1598.71,1639.99,1588.05,1636.99,60487.8584
673,2015/7/6,1636.37,1736,1634,1726.54,108174.5224
674,2015/7/7,1726.54,1745,1638.99,1657.58,51050.3414
675,2015/7/8,1657.6,1730.22,1637,1701.53,55350.449
676,2015/7/9,1701.53,1723.72,1660,1695.72,53987.8883
677,2015/7/10,1695.72,2222,1680.32,1802.31,119051.3477
678,2015/7/11,1801.95,1929,1720,1884.8,111115.7633
679,2015/7/12,1885.67,1999.96,1860,1966.77,79984.1037
680,2015/7/13,1967.14,2000,1730,1808.76,79878.428
681,2015/7/14,1808.76,1863.85,1777.12,1825.66,50590.193
682,2015/7/15,1825.66,1829.9,1782.27,1805.74,34922.1182
683,2015/7/16,1805.75,1813,1669.87,1691.22,66267.6388
684,2015/7/17,1691.22,1720.58,1651.08,1710.21,55080.7451
685,2015/7/18,1710.21,1744.99,1676.51,1695.17,32491.8724
686,2015/7/19,1695.73,1713.83,1675,1695.06,22380.8197
687,2015/7/20,1695.08,1723,1668.11,1713.54,27111.8236
688,2015/7/21,1713.54,1736.45,1700.06,1714.83,29776.4557
689,2015/7/22,1714.83,1721.98,1683.18,1712.11,38458.6114
690,2015/7/23,1711.17,1725,1697.62,1705.2,24966.5604
691,2015/7/24,1705.01,1778.6,1693.48,1758.58,56295.1256
692,2015/7/25,1758.58,1805.06,1757.18,1785.91,65007.8171
693,2015/7/26,1786.41,1822.22,1770.01,1809,34336.3198
694,2015/7/27,1809.35,1823.95,1765,1784.91,41282.9827
695,2015/7/28,1784.02,1850,1783,1832.12,51845.8102
696,2015/7/29,1832.12,1850,1785.13,1797.36,41516.9294
697,2015/7/30,1797.36,1803.27,1761.87,1775.33,39317.6499
698,2015/7/31,1775.01,1794,1737.84,1760.04,55980.5803
699,2015/8/1,1760.04,1768,1708.99,1718.57,40190.469
700,2015/8/2,1718.57,1736.94,1700.06,1731.12,35421.5275
701,2015/8/3,1730.56,1761.61,1720.11,1752.58,29653.9012
702,2015/8/4,1752.58,1775,1732,1767.81,35074.2389
703,2015/8/5,1767.3,1775,1740.26,1756.46,33950.3902
704,2015/8/6,1756.89,1761,1721.27,1731.15,28132.0625
705,2015/8/7,1731.15,1739.94,1709.4,1737.71,49098.1646
706,2015/8/8,1737.83,1746,1650,1664.72,50405.9611
707,2015/8/9,1664.73,1679.82,1589,1632.98,55568.8243
708,2015/8/10,1633.02,1710,1612.58,1626.83,43796.5722
709,2015/8/11,1626.83,1687.02,1626,1666,44749.4469
710,2015/8/12,1665.84,1715,1660.29,1695.26,64378.3908
711,2015/8/13,1695.26,1705,1662.07,1678.84,39456.6903
712,2015/8/14,1678.96,1697.83,1649.12,1692.27,44151.5894
713,2015/8/15,1692.18,1703,1680.29,1692,29987.4092
714,2015/8/16,1692,1693,1621,1645.26,37488.2118
715,2015/8/17,1645.34,1663,1632.01,1647.35,40853.0001
716,2015/8/18,1647.35,1650.23,1611,1620.27,29057.8165
717,2015/8/19,1620.32,1620.46,1433,1505.81,78929.5342
718,2015/8/20,1505.5,1555,1430.06,1494.08,80824.6573
719,2015/8/21,1494.33,1521.91,1480,1497.1,46155.6469
720,2015/8/22,1497.1,1515.5,1430,1445.68,80695.694
721,2015/8/23,1445.97,1504.93,1396.52,1472.3,80482.6401
722,2015/8/24,1472.5,1473.01,1382.06,1409.72,99352.7542
723,2015/8/25,1409.72,1444.3,1238,1423.48,135490.7537
724,2015/8/26,1423.48,1484.9,1393.01,1454.49,121239.0212
725,2015/8/27,1454.87,1490,1427,1446.13,63858.1406
726,2015/8/28,1446.13,1476.55,1409.46,1467.47,59907.7096
727,2015/8/29,1467.32,1510,1445.06,1462.22,37041.3976
728,2015/8/30,1462.27,1483,1440.33,1442.5,29539.9569
729,2015/8/31,1442.74,1482.92,1430,1471.74,32601.2608
730,2015/9/1,1471.76,1482.61,1433,1446,66957.9215
731,2015/9/2,1446,1462.81,1435.5,1460.11,25301.1492
732,2015/9/3,1460.13,1467.29,1430,1448.7,24133.4872
733,2015/9/4,1448.35,1484.16,1433.2,1468.94,58432.777
734,2015/9/5,1468.94,1503.6,1460.7,1495,39146.5557
735,2015/9/6,1494.8,1568.98,1488,1532.86,60765.3982
736,2015/9/7,1532.86,1551.05,1521.97,1535.37,37252.3718
737,2015/9/8,1535.4,1580.07,1528.7,1547.47,58349.7235
738,2015/9/9,1547.47,1566.66,1514.22,1526.69,39176.4415
739,2015/9/10,1526.66,1537.42,1508.28,1530.53,25811.1089
740,2015/9/11,1530.52,1555.77,1524.9,1545.8,23854.1577
741,2015/9/12,1545.66,1550,1529.85,1535.09,16382.5673
742,2015/9/13,1535.09,1535.43,1484.76,1492.92,27354.6121
743,2015/9/14,1492.92,1495,1453,1487.32,28669.7319
744,2015/9/15,1487.18,1490.8,1471.58,1476.54,53197.3317
745,2015/9/16,1476.74,1491,1460.01,1473.27,36428.8271
746,2015/9/17,1473.45,1486.74,1469.6,1485.65,51877.2154
747,2015/9/18,1485.76,1506.52,1480,1492.5,107631.5916
748,2015/9/19,1492.5,1496.5,1482.72,1488,42910.2889
749,2015/9/20,1488,1491.7,1479.9,1487.07,37601.0852
750,2015/9/21,1486.9,1491.64,1440.06,1461.07,63773.0968
751,2015/9/22,1461.18,1539,1445.13,1489.94,60103.2796
752,2015/9/23,1489.56,1510,1485.88,1493.18,67268.6293
753,2015/9/24,1493.18,1512,1490.49,1507.67,158417.7702
754,2015/9/25,1507.68,1538.98,1503,1525.81,209131.3221
755,2015/9/26,1525.81,1527.55,1509.11,1516.74,124086.738
756,2015/9/27,1516.74,1520.02,1507.52,1512.41,161656.5024
757,2015/9/28,1512.41,1578,1508.5,1559.39,419585.5351
758,2015/9/29,1559.44,1576.02,1528.38,1544.31,173657.9903
759,2015/9/30,1544.44,1544.65,1520.11,1529.1,79182.6897
760,2015/10/1,1529.1,1540.74,1525.92,1538.98,79840.6291
761,2015/10/2,1538.98,1544,1530.1,1530.28,121687.6722
762,2015/10/3,1530.28,1549,1530.1,1545.79,109661.3046
763,2015/10/4,1545.79,1548.46,1537.68,1543.81,107034.8359
764,2015/10/5,1543.81,1553,1535.05,1546.11,146435.2347
765,2015/10/6,1546.49,1610,1545.26,1594.73,184326.1558
766,2015/10/7,1594.73,1603.91,1583.24,1589.2,171737.2355
767,2015/10/8,1589.2,1593.45,1562.88,1568.78,176614.0067
768,2015/10/9,1568.77,1575.37,1558.97,1572.2,154663.6073
769,2015/10/10,1572.2,1578.89,1562.29,1572.78,125999.7251
770,2015/10/11,1572.78,1578.14,1572.47,1576.3,92515.1291
771,2015/10/12,1576.3,1597.34,1576.27,1579.62,175123.0422
772,2015/10/13,1579.61,1630,1566.69,1618.9,237812.8711
773,2015/10/14,1619.07,1634.99,1610,1632.23,382219.8019
774,2015/10/15,1632.23,1668.94,1631,1651.59,431661.1229
775,2015/10/16,1651.56,1731.74,1642.6,1723.89,515762.492
776,2015/10/17,1723.5,1835.02,1705,1814.74,417150.3355
777,2015/10/18,1814.74,1817,1706.06,1720.73,108483.7548
778,2015/10/19,1720.36,1753.92,1710,1731.39,172718.5757
779,2015/10/20,1731.39,1758.06,1722,1749.5,749040.2212
780,2015/10/21,1749.5,1768.98,1708,1733.29,309370.916
781,2015/10/22,1733.08,1796.46,1725.35,1776.39,243126.7588
782,2015/10/23,1776.41,1820,1770,1789.3,140721.1249
783,2015/10/24,1789.29,1832,1783.9,1823.34,207930.3311
784,2015/10/25,1823.33,1948,1813.01,1927.98,440273.5644
785,2015/10/26,1927.94,1930,1836.01,1853.06,317414.0033
786,2015/10/27,1853.13,1947.97,1841.11,1923,375114.1867
787,2015/10/28,1922.95,2013.99,1913,1999.49,457534.6696
788,2015/10/29,1999.22,2077,1949,2067.5,794695.2175
789,2015/10/30,2067.5,2315.1,2043,2160.37,946002.8326
790,2015/10/31,2160.37,2270,2125.02,2182.6,817753.9696
791,2015/11/1,2182.6,2207,2125,2158.07,534704.8105
792,2015/11/2,2158.05,2276,2135,2248.67,659507.1541
793,2015/11/3,2248.72,2588,2240,2560.11,912406.683
794,2015/11/4,2561.01,3345.9,2560.35,3229.99,723838.2155
795,2015/11/5,3229.97,3330,2550,2589.59,640004.334
796,2015/11/6,2589.63,2757.08,2338.86,2559.67,496974.1232
797,2015/11/7,2559.63,2649,2401,2537.35,366059.4458
798,2015/11/8,2537.35,2605,2515.39,2560.25,177131.2798
799,2015/11/9,2560.25,2572.05,2400,2532.09,361611.3279
800,2015/11/10,2532.08,2532.48,2245,2256.06,444074.2347
801,2015/11/11,2256.93,2320,1815,1972.92,470028.4577
802,2015/11/12,1972.92,2249.99,1920,2111.83,461468.066
803,2015/11/13,2112.64,2210,2070,2125.38,362901.8399
804,2015/11/14,2125.38,2186,2099.86,2125.2,262722.4756
805,2015/11/15,2125.56,2158,1985,2039.21,189220.2306
806,2015/11/16,2039.21,2080,2020,2049.11,153756.9729
807,2015/11/17,2049.11,2164.77,2044.54,2121.79,193238.1216
808,2015/11/18,2121.79,2145,2101.99,2124.99,138694.0418
809,2015/11/19,2124.99,2154.3,2065,2084.55,148836.0668
810,2015/11/20,2084.56,2098,2000,2069.67,203014.7672
811,2015/11/21,2069.74,2119.87,2055.04,2084.27,187096.1145
812,2015/11/22,2084.27,2110,2056.22,2075.5,148608.3862
813,2015/11/23,2075.08,2091,2060,2077.47,166485.3398
814,2015/11/24,2077.47,2082.79,2023,2061.91,224467.4994
815,2015/11/25,2061.91,2110,2030,2089.45,697159.4348
816,2015/11/26,2089.45,2380,2084,2224,1727241.026
817,2015/11/27,2224,2365,2161.97,2290.11,1098423.144
818,2015/11/28,2290.22,2336.58,2276.25,2291.4,775370.2644
819,2015/11/29,2291.5,2375,2290,2351.77,996966.2201
820,2015/11/30,2351.77,2489,2345.11,2458,1646371.203
821,2015/12/1,2458.2,2485,2267.44,2344.1,1112063.668
822,2015/12/2,2344.1,2355,2233,2323.59,1552123.518
823,2015/12/3,2323.59,2420,2311,2339.53,1458356.647
824,2015/12/4,2339.85,2366,2286,2343.78,1315939.445
825,2015/12/5,2343.2,2517,2335.01,2482.58,1683640.341
826,2015/12/6,2482.58,2673,2470,2610,1922676.531
827,2015/12/7,2610,2652,2538,2602.99,1536777.215
828,2015/12/8,2602.99,2611.75,2560.8,2587.21,1025028.258
829,2015/12/9,2587.35,2785.45,2580.52,2726.94,1616434.759
830,2015/12/10,2726.94,2777,2685.11,2730.9,1540377.735
831,2015/12/11,2731,2892.62,2725,2869.3,1441483.852
832,2015/12/12,2869.03,3132.58,2655,2783.57,2129503.448
833,2015/12/13,2783.72,2933.2,2778,2889.95,1791719.43
834,2015/12/14,2889.68,2978,2850,2938.93,1562725.597
835,2015/12/15,2938.93,3050,2936,3042.97,1513874.459
836,2015/12/16,3042.51,3104.89,2869,3031.51,1627742.204
837,2015/12/17,3031.51,3049,2968,3029.72,1381027.628
838,2015/12/18,3029.42,3099,3010,3053.21,1078461.244
839,2015/12/19,3053.14,3095,3048,3074.28,923710.3199
840,2015/12/20,3074.28,3076,3000,3032.45,909879.5308
841,2015/12/21,3032.45,3032.89,2801.01,2862.96,1477135.165
842,2015/12/22,2862,2945,2861,2903.32,1397660.878
843,2015/12/23,2903.32,2939.49,2888.74,2915.03,1105205.313
844,2015/12/24,2915.03,3030,2911,2995.12,1379220.466
845,2015/12/25,2995.11,3029,2981,3004,1031731.627
846,2015/12/26,3004,3024.5,2611,2698.96,1679212.647
847,2015/12/27,2698.96,2735.6,2552.68,2675.72,1777195.067
848,2015/12/28,2675.41,2779,2660,2753.77,1451672.043
849,2015/12/29,2753.77,2827,2717.01,2812.31,1283141.612
850,2015/12/30,2812.31,2853.43,2742.69,2774.36,1052402.562
851,2015/12/31,2774.36,2797,2713.3,2759.23,1301855.716
852,2016/1/1,2759.23,2888.99,2756.01,2834.97,1446536.106
853,2016/1/2,2834.93,2868,2825.98,2836.73,996382.6207
854,2016/1/3,2836.93,2865.43,2800,2811.29,774397.1993
855,2016/1/4,2811.65,2858,2760,2845.05,1168157.844
856,2016/1/5,2845.05,2855,2811,2837.16,1035928.33
857,2016/1/6,2837.16,2838.41,2771,2826.2,939120.1741
858,2016/1/7,2826.21,3019.99,2806,2989.28,1558449.195
859,2016/1/8,2989.28,3073.99,2970.01,3004.43,1514018.344
860,2016/1/9,3004.43,3020,2934.48,2970.35,1060921.64
861,2016/1/10,2970.35,2987,2885,2906.31,1409863.332
862,2016/1/11,2906.86,2970,2902.91,2942.8,1007471.949
863,2016/1/12,2942.61,2964.13,2921.27,2935.37,923988.3156
864,2016/1/13,2935.37,2943,2721.45,2818.9,1609210.549
865,2016/1/14,2818.91,2850,2803.59,2830.49,1184691.258
866,2016/1/15,2830.4,2840,2593,2647.41,1712479.369
867,2016/1/16,2647.41,2668.32,2351,2447,2258824.337
868,2016/1/17,2446.88,2598,2416.09,2569,1913631.256
869,2016/1/18,2569,2585,2503,2564.55,1748391.131
870,2016/1/19,2564.55,2575,2537,2545.01,1388139.031
871,2016/1/20,2545.01,2794.99,2500,2757.93,1832081.009
872,2016/1/21,2758,2878.74,2731.11,2777.06,1788822.264
873,2016/1/22,2777.71,2778.94,2603.58,2628.99,1937766.143
874,2016/1/23,2628.36,2630.99,2500,2548.84,1860794.109
875,2016/1/24,2548.8,2698,2548.07,2676.72,1690585.298
876,2016/1/25,2677,2715,2640,2652.51,1573125.169
877,2016/1/26,2652.2,2657.98,2582.73,2610.83,1426530.041
878,2016/1/27,2610.84,2647,2589,2622.28,1311821.537
879,2016/1/28,2622.28,2636.85,2506.01,2543.9,1469762.89
880,2016/1/29,2543.76,2580,2416.55,2538.79,1664322.279
881,2016/1/30,2538.74,2564.09,2505,2534.8,1060209.296
882,2016/1/31,2534.8,2550,2510,2527.69,1102727.849
883,2016/2/1,2527.55,2548.03,2446.6,2518.37,1174121.765
884,2016/2/2,2518.37,2529,2488,2514.2,810525.5976
885,2016/2/3,2514.26,2528,2464.88,2487.8,796743.7246
886,2016/2/4,2487.8,2588,2465,2568.5,1099220.906
887,2016/2/5,2568.5,2628,2558,2603.49,1435727.669
888,2016/2/6,2603.67,2610,2523.59,2535.57,1140541.426
889,2016/2/7,2535.57,2577,2515,2544.87,640347.4022
890,2016/2/8,2544.81,2556,2531.25,2546.5,385744.0803
891,2016/2/9,2546.5,2564.99,2533,2548.77,569468.0164
892,2016/2/10,2548.74,2626,2539.8,2601.89,901760.3418
893,2016/2/11,2601.15,2607.93,2572,2581.01,754611.5577
894,2016/2/12,2581,2619.99,2563.3,2602.21,707046.5568
895,2016/2/13,2602.21,2648.21,2592,2626.63,848344.7458
896,2016/2/14,2626.63,2735,2622.88,2715.29,1244889.675
897,2016/2/15,2715.29,2796.9,2710,2725.78,1607820.754
898,2016/2/16,2725.78,2758,2703.31,2741.87,1379924.387
899,2016/2/17,2741.87,2826.78,2728.7,2801,1388318.49
900,2016/2/18,2800.99,2849,2782,2792.49,1392000.267
901,2016/2/19,2792.49,2828,2782,2810,1310088.319
902,2016/2/20,2810,2908,2796.37,2880.08,1272477.663
903,2016/2/21,2880.53,2995.8,2842,2879.01,1583608.843
904,2016/2/22,2879.97,2939,2878.14,2914.48,1228493.112
905,2016/2/23,2914.26,2925,2770,2802.14,1169877.8
906,2016/2/24,2802,2823,2730,2818.17,1538375.746
907,2016/2/25,2818.6,2838,2768,2802.97,1541643.624
908,2016/2/26,2802.97,2835,2783,2822.23,1176719.533
909,2016/2/27,2822.22,2884.6,2813.93,2863.49,743182.8027
910,2016/2/28,2863.44,2908,2788,2883.79,1087891.96
911,2016/2/29,2883.26,2954,2863,2908.9,2036655.007
912,2016/3/1,2908.96,2938,2860,2883.22,2636300.404
913,2016/3/2,2883.13,2915,2851.3,2872,2248105.796
914,2016/3/3,2872,2877,2770,2798.93,2887111.459
915,2016/3/4,2798.8,2813,2761,2783.21,2400423.691
916,2016/3/5,2783.08,2783.79,2636,2637,3244158.062
917,2016/3/6,2636.41,2736.68,2615,2733.86,3536245.623
918,2016/3/7,2733.77,2765.22,2703,2730.38,2784791.656
919,2016/3/8,2730.61,2765,2714,2730.77,2467063.849
920,2016/3/9,2730.69,2738,2712,2726.69,2116002.642
921,2016/3/10,2726.69,2750,2721,2740.5,1998083.096
922,2016/3/11,2740.49,2803,2733.77,2779.62,2225428.179
923,2016/3/12,2779.62,2788,2703,2705,2730726.425
924,2016/3/13,2705,2743.99,2691.46,2710.26,2546134.309
925,2016/3/14,2710.28,2741.7,2708.03,2725.98,2296195.838
926,2016/3/15,2725.96,2755,2719,2727.67,2189753.12
927,2016/3/16,2727.67,2755,2723.03,2737.68,2246289.131
928,2016/3/17,2737.63,2756,2732.51,2741.88,1605597.583
929,2016/3/18,2741.88,2746.44,2635,2654.02,2351048.68
930,2016/3/19,2654.02,2664.8,2620.78,2643.35,2387431.627
931,2016/3/20,2643.27,2687,2621,2670.61,2058202.275
932,2016/3/21,2670.52,2688,2652,2680.99,2131641.312
933,2016/3/22,2680.99,2739,2677.01,2724.73,2238428.026
934,2016/3/23,2724.74,2748,2720.14,2736.45,2143650.131
935,2016/3/24,2736.3,2745,2704.05,2725.82,2178228.025
936,2016/3/25,2725.84,2737.27,2710,2731.68,2340927.753
937,2016/3/26,2731.6,2742,2722,2726.43,1821759.582
938,2016/3/27,2726.2,2799,2724.3,2794.7,1874421.963
939,2016/3/28,2794.92,2817.8,2767.1,2781.33,2773916.132
940,2016/3/29,2781.33,2795,2650,2692.14,2879752.33
941,2016/3/30,2692.14,2715,2656,2677.98,2849769.089
942,2016/3/31,2677.98,2712,2676.62,2698.88,1347071.785
943,2016/4/1,2698.92,2706.5,2676,2695.52,459889.9362
944,2016/4/2,2695.26,2743.2,2690,2721.27,610778.237
945,2016/4/3,2721.29,2733.5,2712,2728.33,434688.7549
946,2016/4/4,2728.23,2734,2715.35,2723.5,502648.4097
947,2016/4/5,2723.5,2753.21,2721.1,2739.16,579074.6865
948,2016/4/6,2739.16,2754.98,2737.86,2743.07,502934.2679
949,2016/4/7,2743.14,2747.89,2716,2729.29,580828.4353
950,2016/4/8,2729.28,2753.5,2726.88,2745.66,535558.3793
951,2016/4/9,2745.6,2746,2655,2700,1108574
952,2016/4/10,2700.02,2733.11,2694,2725.04,472158.2173
953,2016/4/11,2725.04,2745,2711.01,2734.03,708928.4394
954,2016/4/12,2734.03,2778,2732.92,2762.55,1040985.504
955,2016/4/13,2762.55,2769.8,2736.63,2754.49,1007042.583
956,2016/4/14,2754.49,2764.5,2748,2759.2,590101.4733
957,2016/4/15,2759.2,2796,2753.06,2785.2,794824.5267
958,2016/4/16,2785.2,2815,2775,2794.59,797855.5085
959,2016/4/17,2794.58,2802,2772.01,2777.74,546303.2638
960,2016/4/18,2777.71,2794.25,2768.22,2780.76,566916.0263
961,2016/4/19,2780.76,2800,2778,2789.29,520198.9683
962,2016/4/20,2789.29,2848,2788.01,2846.56,947077.3031
963,2016/4/21,2846.56,2894,2841,2878.2,1258385.474
964,2016/4/22,2878.2,2928.1,2865,2887.88,1386157.068
965,2016/4/23,2887.95,2918,2876,2899,841228.1388
966,2016/4/24,2898.91,2968.88,2896.42,2932.37,1466781.791
967,2016/4/25,2932.37,2993.2,2930.12,2976.67,1586057.861
968,2016/4/26,2976.67,3028,2973,3014.6,1416472.277
969,2016/4/27,3014.6,3030,2857,2946.41,1397930.477
970,2016/4/28,2946.41,2952.36,2779.9,2887.14,1486494.942
971,2016/4/29,2887.23,2918.22,2865.19,2907.23,750459.3682
972,2016/4/30,2907.28,2942,2906.5,2918.99,313538.3813
973,2016/5/1,2918.99,2930,2880.02,2917.01,612225.3547
974,2016/5/2,2917.18,2920,2860.5,2878.99,552307.3481
975,2016/5/3,2878.92,2898.99,2855,2890.49,497874.1688
976,2016/5/4,2890.45,2917.84,2881.57,2897.61,354032.4531
977,2016/5/5,2897.61,2912,2882.2,2895.75,503043.099
978,2016/5/6,2895.75,2946.01,2888,2938.63,692237.2617
979,2016/5/7,2938.63,2988,2919,2971.9,923447.2659
980,2016/5/8,2971.9,2989,2949.31,2970.8,653280.2612
981,2016/5/9,2970.8,3002.83,2956,2994,612493.1912
982,2016/5/10,2994,3018.99,2911,2937.2,1092906.702
983,2016/5/11,2937.23,2964.01,2926.89,2957.57,788473.2238
984,2016/5/12,2957.57,2958.98,2925,2952,642773.2913
985,2016/5/13,2952,2977.12,2943.66,2972.12,468020.3589
986,2016/5/14,2972.14,2992.54,2965,2974.51,524620.1345
987,2016/5/15,2974.44,2990,2970,2981.24,420416.692
988,2016/5/16,2981.24,3004.96,2979.66,2995.31,569367.6566
989,2016/5/17,2995.34,2995.39,2946,2964.93,509070.7318
990,2016/5/18,2964.96,2983.88,2962.5,2980.68,329826.2897
991,2016/5/19,2980.68,2985,2946,2953.5,450487.7668
992,2016/5/20,2953.5,2960.01,2872,2923.46,754941.4546
993,2016/5/21,2923.45,2938,2913,2936.12,391500.3031
994,2016/5/22,2936.15,2938,2924.88,2929.68,253479.4436
995,2016/5/23,2929.68,2945,2910.22,2937.77,410069.8332
996,2016/5/24,2937.77,2976.61,2932.26,2971.77,370219.5209
997,2016/5/25,2971.75,3005,2962.01,2984,562592.7733
998,2016/5/26,2984,3027.85,2978,3016.5,716126.9436
999,2016/5/27,3016.5,3307,3004.1,3279.18,1350635.786
1000,2016/5/28,3279.18,3585.5,3256,3511.84,1441161.722
1001,2016/5/29,3511.83,3944.3,3507.29,3772.35,1629085.194
1002,2016/5/30,3772.99,3988,3630,3675,492557.9703
1003,2016/5/31,3674.76,3812.01,3550,3578,425276.7672
1004,2016/6/1,3578.63,3650,3481,3591,470074.9246
1005,2016/6/2,3591,3625,3536,3592,399669.5133
1006,2016/6/3,3592,3744.97,3565,3726.92,444512.6638
1007,2016/6/4,3726.92,3885,3723,3802,619176.2609
1008,2016/6/5,3802,3866,3717,3816.33,590229.7173
1009,2016/6/6,3816.33,3918,3770,3882.5,484391.0489
1010,2016/6/7,3882.48,3939.39,3802,3827.34,477898.6837
1011,2016/6/8,3827.7,3861.5,3742,3820,361667.2549
1012,2016/6/9,3820,3890,3775,3824,287864.4967
1013,2016/6/10,3824,3851.55,3804,3837.67,305976.6699
1014,2016/6/11,3837.67,3905,3832,3880,277506.0974
1015,2016/6/12,3880.21,4465,3870.11,4408,559724.6251
1016,2016/6/13,4408,4802,4355,4597.54,759440.4389
1017,2016/6/14,4597.54,4728,4503,4554,445144.9533
1018,2016/6/15,4554,4663,4460,4603.44,468930.3924
1019,2016/6/16,4603.49,4979.01,4588,4888,644229.3694
1020,2016/6/17,4887.41,5179.99,4716,4932.17,749595.2513
1021,2016/6/18,4932.17,5072,4856.2,5015.89,516389.6728
1022,2016/6/19,5015.89,5165,4900,5108.84,584662.411
1023,2016/6/20,5108.77,5138,4900,4961.67,476594.9427
1024,2016/6/21,4961.18,4993,4341.48,4463,759935.1735
1025,2016/6/22,4463,4586.79,4202.23,4273.92,796098.8995
1026,2016/6/23,4272.2,4307.88,3480,3665.24,1201694.9
1027,2016/6/24,3665.81,4430,3663,4227.51,1313692.056
1028,2016/6/25,4228.4,4563.25,4226,4471.38,783032.1604
1029,2016/6/26,4471.38,4518,4000,4064,921713.125
1030,2016/6/27,4064,4299,3978,4194,834183.5372
1031,2016/6/28,4194.8,4380,4155,4277.01,747986.8967
1032,2016/6/29,4277.9,4356,4153.56,4214.41,644411.7593
1033,2016/6/30,4214.41,4498,4214.41,4450,718078.3898
1034,2016/7/1,4450,4618.88,4432.7,4514,759418.2606
1035,2016/7/2,4514,4709.3,4491,4657.41,689835.8114
1036,2016/7/3,4657.41,4748.65,4313,4377.99,878869.4453
1037,2016/7/4,4377.77,4575,4310,4508.45,839663.6786
1038,2016/7/5,4508.45,4610,4433,4479.19,671938.5835
1039,2016/7/6,4479,4612,4467.64,4547.75,588418.4212
1040,2016/7/7,4547.75,4590.15,4210,4265.15,792170.2609
1041,2016/7/8,4265.15,4387.88,4062.3,4357.66,750497.0615
1042,2016/7/9,4357.46,4467,4313,4402,666448.6127
1043,2016/7/10,4401.74,4438.65,4168,4335.22,638544.2364
1044,2016/7/11,4335.45,4425,4303.3,4338.84,485519.3019
1045,2016/7/12,4339,4438,4325,4430.92,380722.01
1046,2016/7/13,4430.92,4525,4400,4437.9,504403.8767
1047,2016/7/14,4437.9,4453,4367.45,4421.63,378996.5573
1048,2016/7/15,4421.63,4474,4398,4450.14,353691.6489
1049,2016/7/16,4450.14,4477,4392.1,4425.76,318524.2832
1050,2016/7/17,4425.76,4476.97,4424.1,4462,278428.6345
1051,2016/7/18,4461.92,4599,4461.51,4595.5,461850.3691
1052,2016/7/19,4596.92,4597,4482,4510.38,365919.4272
1053,2016/7/20,4510.38,4530,4420,4441.91,349058.4916
1054,2016/7/21,4441.91,4464.66,4400.93,4438.85,290901.4029
1055,2016/7/22,4439.34,4475.59,4340,4369.2,293295.4629
1056,2016/7/23,4369.29,4394.74,4321,4377.36,301203.1719
1057,2016/7/24,4377.35,4419,4352.11,4406,265920.151
1058,2016/7/25,4406.37,4442,4368,4391.68,301117.3302
1059,2016/7/26,4391.68,4405,4298,4342.33,263227.1644
1060,2016/7/27,4342.33,4386.52,4320,4377,296763.0148
1061,2016/7/28,4377,4415,4363,4388.26,274905.8155
1062,2016/7/29,4388.04,4403.65,4345,4381.71,246439.2127
1063,2016/7/30,4381.61,4385,4350,4370.4,152359.1997
1064,2016/7/31,4370.5,4379,4150,4202,354814.0244
1065,2016/8/1,4201.46,4212.9,4061,4141,468795.3241
1066,2016/8/2,4141,4141,3970,4003.44,626428.2831
1067,2016/8/3,4003.44,4043.45,3005,3622.8,1391623.696
1068,2016/8/4,3622.67,3805,3620,3717.63,801369.6504
1069,2016/8/5,3717.8,3787,3700,3772.47,394467.3835
1070,2016/8/6,3772.49,3783.16,3720,3754.06,205805.1625
1071,2016/8/7,3754.06,3953.89,3747.94,3931.03,510306.7308
1072,2016/8/8,3931.03,3948,3831.01,3912.17,418634.6342
1073,2016/8/9,3912,3935,3844.24,3905.06,335552.3757
1074,2016/8/10,3905.06,3994.34,3871,3975.2,370298.0026
1075,2016/8/11,3975.85,3987,3936.71,3952.2,292598.4595
1076,2016/8/12,3952.33,3952.65,3857.67,3915.9,354428.5586
1077,2016/8/13,3915.9,3932,3872,3906.67,210001.4509
1078,2016/8/14,3906.67,3921.1,3790.01,3812.91,297628.4397
1079,2016/8/15,3812.06,3838,3734.68,3751.4,327585.0675
1080,2016/8/16,3751.4,3856,3727.17,3850.03,299176.0029
1081,2016/8/17,3850.07,3875,3806.2,3814.88,226547.3303
1082,2016/8/18,3814.97,3835,3785,3823.52,190432.8802
1083,2016/8/19,3823.52,3856.57,3806.01,3825,203222.8931
1084,2016/8/20,3825,3903,3816,3874.54,188694.8844
1085,2016/8/21,3874.65,3917.24,3861,3875.24,209160.0872
1086,2016/8/22,3875.28,3937,3868.51,3933,169701.5244
1087,2016/8/23,3933,3943,3848,3849.58,261532.5133
1088,2016/8/24,3849.56,3891.1,3839,3867,170141.8793
1089,2016/8/25,3867,3869,3821,3838.3,157520.3414
1090,2016/8/26,3838.3,3880,3835.1,3864.66,140238.423
1091,2016/8/27,3864.66,3874,3760,3781.66,150994.1067
1092,2016/8/28,3781.85,3840.73,3758,3817.59,154581.5035
1093,2016/8/29,3817.59,3855.5,3813.1,3844.86,129173.8068
1094,2016/8/30,3844.77,3887,3816.76,3860.26,175489.0736
1095,2016/8/31,3860.26,3884.48,3831,3844.15,141908.9875
1096,2016/9/1,3844.23,3865,3822.31,3834.02,148147.3841
1097,2016/9/2,3833.9,3868.1,3813.24,3851.44,137318.8067
1098,2016/9/3,3851.39,3859,3830,3842.74,105732.5725
1099,2016/9/4,3842.74,4135,3839.23,4098.61,360743.116
1100,2016/9/5,4098.29,4135.5,4055,4079.78,295916.3659
1101,2016/9/6,4079.78,4117,4065.02,4092.5,191500.8511
1102,2016/9/7,4092.28,4112,4062,4092.57,191017.9364
1103,2016/9/8,4092.8,4180,4077.99,4164.52,808651.0638
1104,2016/9/9,4164.65,4166.98,4102.16,4128.1,695146.8732
1105,2016/9/10,4128.09,4158.15,4119.97,4140.85,247444.0566
1106,2016/9/11,4140.99,4166.6,4130.1,4151.88,284366.7705
1107,2016/9/12,4151.85,4213.95,3908,4020.85,820379.1037
1108,2016/9/13,4020.85,4054.25,4011,4044.3,344787.8158
1109,2016/9/14,4044.3,4071.72,4035,4056.33,332977.5889
1110,2016/9/15,4056.32,4062.09,4036,4043.12,236054.4614
1111,2016/9/16,4043.12,4062,4015,4044.64,293230.2058
1112,2016/9/17,4044.64,4048.5,4020,4034.55,246554.5607
1113,2016/9/18,4034.57,4086.58,4031,4072.72,661477.7928
1114,2016/9/19,4072.74,4092,4056,4060,955845.8095
1115,2016/9/20,4060,4070.48,4051,4057.65,624204.2822
1116,2016/9/21,4057.65,4065,3890,3971.39,994612.6847
1117,2016/9/22,3971.5,3988.63,3960.51,3976.17,687026.9368
1118,2016/9/23,3976.13,4019,3962.81,4014.22,929610.3984
1119,2016/9/24,4014.24,4028.24,3988.06,4006.5,921341.6719
1120,2016/9/25,4006.39,4020,3972,3982.05,593457.2988
1121,2016/9/26,3982,4060.37,3977,4039.29,1294642.729
1122,2016/9/27,4039.28,4055,4017,4039.91,959579.4155
1123,2016/9/28,4039.84,4076.03,4015,4040.17,835610.2194
1124,2016/9/29,4040.12,4054,4023.5,4041.99,879313.2297
1125,2016/9/30,4041.88,4050,4032.18,4043.65,663659.6203
1126,2016/10/1,4043.65,4115.42,4040.3,4108.69,1156629.042
1127,2016/10/2,4108.69,4111,4075,4079.59,781177.449
1128,2016/10/3,4079.59,4098.56,4078.36,4087.11,476285.0134
1129,2016/10/4,4087.11,4092,4055,4078.6,499425.4
1130,2016/10/5,4078.67,4105,4064.34,4097.09,497942.2473
1131,2016/10/6,4097.09,4105.99,4086.68,4094.44,496064.0095
1132,2016/10/7,4094.44,4134.32,4088.06,4122.95,676813.1592
1133,2016/10/8,4122.99,4141.41,4113.9,4119.67,435318.3094
1134,2016/10/9,4119.79,4128.97,4097,4115.55,592764.4032
1135,2016/10/10,4115.55,4162,4104.5,4131.6,794818.239
1136,2016/10/11,4131.43,4330,4131.35,4289,1477316.404
1137,2016/10/12,4288.9,4366,4285.1,4311.13,1696412.041
1138,2016/10/13,4311.22,4325,4286.23,4310.97,1314927.316
1139,2016/10/14,4310.93,4343.43,4286.15,4316.33,936073.9683
1140,2016/10/15,4316.34,4340,4314,4327.45,762084.0832
1141,2016/10/16,4327.44,4364,4295,4335.5,782025.9793
1142,2016/10/17,4335.5,4350,4325.1,4334.82,533630.9684
1143,2016/10/18,4334.82,4346.96,4316,4329.33,996626.5783
1144,2016/10/19,4329.48,4333.99,4222.2,4238.8,1228297.882
1145,2016/10/20,4238.72,4272.55,4228,4259.25,989994.7981
1146,2016/10/21,4259.45,4295,4247.55,4288.37,672675.0054
1147,2016/10/22,4288.31,4555,4286.86,4496.68,1675217.574
1148,2016/10/23,4496.72,4575,4471,4516.39,2169418.797
1149,2016/10/24,4516.53,4520,4455.08,4482.21,1799793.256
1150,2016/10/25,4482.3,4536,4465,4518.66,1156616.972
1151,2016/10/26,4518.77,4620,4465,4588.04,2204220.437
1152,2016/10/27,4588.04,4745,4573,4691,2969574.038
1153,2016/10/28,4690.99,4739.13,4673,4710,2040791.412
1154,2016/10/29,4709.98,4919.96,4689.1,4861.62,2694575.858
1155,2016/10/30,4861.61,4956,4730.38,4879,3090091.862
1156,2016/10/31,4879,4888,4691.31,4856.23,2858493.377
1157,2016/11/1,4856.04,5065,4801.3,5008.41,2737602.033
1158,2016/11/2,5008.41,5050,4930,4965.71,1360062.68
1159,2016/11/3,4965.95,5150,4810,4885.73,4537356.924
1160,2016/11/4,4885.73,4910,4531,4671.34,2112547.491
1161,2016/11/5,4671.34,4775,4610,4722.61,957208.3405
1162,2016/11/6,4722.83,4845,4705.95,4740.53,1087539.117
1163,2016/11/7,4740.9,4831,4713.2,4775.05,1417898.963
1164,2016/11/8,4775.05,4878,4750.49,4828.23,1174329.408
1165,2016/11/9,4828.65,4993,4823,4926,1813210.061
1166,2016/11/10,4925.99,4962.03,4865,4883.14,1254275.368
1167,2016/11/11,4882.86,4946.79,4874,4888.04,1165681.666
1168,2016/11/12,4888.29,4933,4820.1,4844,3196900.526
1169,2016/11/13,4844,4861.5,4662.25,4770.66,1603846.177
1170,2016/11/14,4770.65,4871.43,4770.03,4845.65,1411682.851
1171,2016/11/15,4845.65,4948,4810,4928.74,2718468.341
1172,2016/11/16,4928.6,5250,4916,5199.46,5017735.933
1173,2016/11/17,5199.46,5424.59,5160,5319.36,2946319.492
1174,2016/11/18,5319.36,5359,5202.02,5273.91,1658778.954
1175,2016/11/19,5273.92,5400,5210.74,5293.38,1289591.488
1176,2016/11/20,5293.53,5357.78,5070,5124.99,1672292.632
1177,2016/11/21,5124.99,5177,5003,5159.57,1879468.291
1178,2016/11/22,5159.57,5340,5146,5297.64,1297946.322
1179,2016/11/23,5297.84,5376.99,5188,5224.71,1617423.726
1180,2016/11/24,5224.71,5270,5120,5138.01,1608687.729
1181,2016/11/25,5138.13,5214.64,5110.7,5155,1101153.639
1182,2016/11/26,5155,5212.6,5080,5112.01,901383.2674
1183,2016/11/27,5112.03,5219,5106.01,5184.29,965516.6064
1184,2016/11/28,5184.17,5220,5128.3,5185.99,786230.4837
1185,2016/11/29,5185.99,5196.45,5138,5175,509380.2692
1186,2016/11/30,5175,5280,5140,5232.39,1536776.709
1187,2016/12/1,5232.4,5357.78,5227,5348.27,3336548.847
1188,2016/12/2,5348.18,5530,5318,5438.47,598451.5067
1189,2016/12/3,5438.47,5469.16,5355,5381.67,424361.3635
1190,2016/12/4,5381.66,5448.84,5358,5420.64,1441379.582
1191,2016/12/5,5420.55,5480,5236.97,5309,1622507.701
1192,2016/12/6,5309,5342,5251.04,5317.01,1247464.831
1193,2016/12/7,5317.01,5345.67,5275.46,5322.41,897399.8819
1194,2016/12/8,5322.23,5398,5303,5372,931207.6599
1195,2016/12/9,5372,5396.6,5328.01,5365.08,930350.543
1196,2016/12/10,5365.08,5426.8,5350.01,5412.48,3741926.001
1197,2016/12/11,5412.48,5428,5318,5352.7,3141819.751
1198,2016/12/12,5352.73,5483.92,5343.5,5462.56,2832163.752
1199,2016/12/13,5462.56,5534.9,5350,5454.34,1015188.068
1200,2016/12/14,5454.45,5475,5370.01,5399.58,717747.3997
1201,2016/12/15,5399.42,5467.78,5390.1,5448.02,688010.6619
1202,2016/12/16,5448.02,5520,5425.69,5490.97,865714.1775
1203,2016/12/17,5490.8,5608.53,5490,5564.69,861713.051
1204,2016/12/18,5564.69,5604,5538.42,5545.57,654426.557
1205,2016/12/19,5545.69,5595,5540,5570.91,528402.431
1206,2016/12/20,5570.82,5588,5558,5577.02,674950.1703
1207,2016/12/21,5577.04,5874,5574.04,5864.03,2126420.838
1208,2016/12/22,5864.03,6179.78,5818.01,6124.55,5013089.251
1209,2016/12/23,6124.85,6468.3,6050,6363.55,2546398.031
1210,2016/12/24,6363.24,6596.96,6250,6373.03,2359713.461
1211,2016/12/25,6373.46,6479.82,6170,6290,1962840.236
1212,2016/12/26,6289.4,6549,6260,6480.79,2274695.208
1213,2016/12/27,6480.84,6735.69,6436,6688.67,2028129.552
1214,2016/12/28,6688.67,6946.7,6650,6766.73,1755201.74
1215,2016/12/29,6766.66,6990,6741,6856.66,1654647.374
1216,2016/12/30,6856.76,6930,6608,6823.98,1846829.536
1217,2016/12/31,6823.94,6875,6666.2,6788.87,1654759.149
1218,2017/1/1,6788.87,6948.96,6777,6946,1251959.902
1219,2017/1/2,6945.37,7399,6935.02,7396,2045058.431
1220,2017/1/3,7397.16,7489,7301.92,7366.7,2014888.606
1221,2017/1/4,7366.7,7990,7348.01,7887.53,2289299.861
1222,2017/1/5,7887.61,8895,6000,6910,3752035.366
1223,2017/1/6,6910,7372.57,5555,6344,4345814.985
1224,2017/1/7,6344,6480,5650,6217,3108068.43
1225,2017/1/8,6217,6615,6110,6325,2035117.612
1226,2017/1/9,6325,6380,6029,6302.86,1429807.575
1227,2017/1/10,6302.73,6445.28,6168,6297.12,1151889.375
1228,2017/1/11,6297.12,6450,5155,5412.32,1685198.954
1229,2017/1/12,5412.04,5549.99,4902.02,5352.3,1676197.062
1230,2017/1/13,5352,5599,5188,5548.71,837218.9686
1231,2017/1/14,5548.71,5759.75,5546.01,5688,677032.7688
1232,2017/1/15,5688,5719.99,5455.79,5551.07,383809.9442
1233,2017/1/16,5551.44,5733,5481.02,5685.87,254423.6007
1234,2017/1/17,5685.37,6200,5632.92,6047.86,359623.0436
1235,2017/1/18,6048.96,6334,5731,5897.88,466802.4541
1236,2017/1/19,5898.11,6166,5835,6125.3,311494.7698
1237,2017/1/20,6125.23,6245,6024.17,6141.15,245631.4716
1238,2017/1/21,6141.61,6460,6111.82,6389.59,264403.4662
1239,2017/1/22,6389.48,6546,6100,6232.51,286116.6285
1240,2017/1/23,6231.55,6450,6230,6387.98,189980.3633
1241,2017/1/24,6389.16,6413.06,6159.9,6287.5,92698.098
1242,2017/1/25,6287.5,6362,6158.5,6218.01,14348.7084
1243,2017/1/26,6215.01,6350,6178.23,6336.99,9983.7581
1244,2017/1/27,6336.99,6396,6300,6365.41,9623.0008
1245,2017/1/28,6365.41,6378,6338,6362.01,4497.928
1246,2017/1/29,6362.01,6370,6342,6355.24,3528.9102
1247,2017/1/30,6355.24,6375.99,6340,6365.91,4315.1536
1248,2017/1/31,6365.91,6645.03,6319,6619.17,11511.5586
1249,2017/2/1,6619.17,6925,6592,6794.94,14842.1093
1250,2017/2/2,6794.94,6884.87,6770,6873.52,7777.6245
1251,2017/2/3,6873.52,7196.52,6868.52,7140.25,18705.6516
1252,2017/2/4,7140.25,7188,6969.99,7110,10703.4195
1253,2017/2/5,7109.88,7301,7097.5,7194.71,10720.541
1254,2017/2/6,7194.68,7300,7150,7239,9609.8877
1255,2017/2/7,7239,7438,7219,7375.5,11977.632
1256,2017/2/8,7375.5,7525.01,7160,7366.99,16431.6658
1257,2017/2/9,7366.99,7630,6480,6820,40304.5997
1258,2017/2/10,6821,6969,6350,6605.35,17843.2642
1259,2017/2/11,6605.35,6899,6555.01,6858,7709.1984
1260,2017/2/12,6858,6885,6775.01,6836.25,3028.5262
1261,2017/2/13,6836.25,6870,6580,6706,4802.116
1262,2017/2/14,6706,6860,6600,6750,5654.1446
1263,2017/2/15,6750,6800,6705,6733,2136.4773
1264,2017/2/16,6734,6825,6720.31,6778.87,2731.5197
1265,2017/2/17,6794,7044.04,6768.84,7009.09,7591.3791
1266,2017/2/18,7007,7194.77,7000,7178,4304.5405
1267,2017/2/19,7192.03,7200,7026,7115.86,2884.4465
1268,2017/2/20,7115.86,7171,7021,7140,2308.8531
1269,2017/2/21,7140.8,7388,7133.11,7340,7412.7679
1270,2017/2/22,7340,7460,7328,7436.97,3972.3357
1271,2017/2/23,7430,7578.99,7370,7561.95,4698.1779
1272,2017/2/24,7557,8000,7300,7833,16708.0515
1273,2017/2/25,7832,7878,7538,7590.05,4585.5773
1274,2017/2/26,7590.05,7735,7390,7677.62,5109.9469
1275,2017/2/27,7680,7842.91,7655.2,7720.09,5892.5521
1276,2017/2/28,7735,7879,7600,7781,5960.3595
1277,2017/3/1,7785,7945,7755.03,7896,5186.7268
1278,2017/3/2,7896,8056,7885,8021.19,6475.113
1279,2017/3/3,8021,8360.03,7940,8328.31,10242.0332
1280,2017/3/4,8319.58,8420,8155.45,8267.52,5020.8145
1281,2017/3/5,8267.25,8320,8001,8273,4817.007
1282,2017/3/6,8273.17,8350,8178,8259.66,2811.7275
1283,2017/3/7,8260,8268,7717,7917,8770.8109
1284,2017/3/8,7917,8068.4,7588,7762,9929.1808
1285,2017/3/9,7761.61,7825,7530.3,7783.1,5444.5711
1286,2017/3/10,7757.93,8220,7700,8062,8646.5352
1287,2017/3/11,8062.03,8200,7353.3,7802.5,11735.5128
1288,2017/3/12,7803.3,7950,7731.22,7920.83,2650.1625
1289,2017/3/13,7929.45,8119,7875,7900.03,5606.6819
1290,2017/3/14,7915.65,8023.57,7882,7970,2466.6052
1291,2017/3/15,7970.29,8000,7913.81,7979.16,1607.5323
1292,2017/3/16,7982.54,8005,7820,7901.03,3278.5708
1293,2017/3/17,7903.91,7915.85,7500,7658,8097.2806
1294,2017/3/18,7657.97,7688,6700,6830.61,13845.0145
1295,2017/3/19,6830.61,7095,6701,7050,6170.6198
1296,2017/3/20,7046.24,7199,7010,7150,3663.3855
1297,2017/3/21,7150,7378,7100,7326.99,3740.5162
1298,2017/3/22,7326.99,7476.97,6834.85,6960.24,8111.4304
1299,2017/3/23,6949.56,7200,6890,7009,4351.0585
1300,2017/3/24,7009.03,7082.03,6700,6743.03,4816.1645
1301,2017/3/25,6735.6,6831,6151,6467,10207.6005
1302,2017/3/26,6467.1,6849,6395.25,6831.03,5153.5615
1303,2017/3/27,6831.03,7028,6640,6985,6101.5124
1304,2017/3/28,6956.88,7138,6856,7055.01,4903.9377
1305,2017/3/29,7069,7128,6861,6968.97,6036.4883
1306,2017/3/30,6968.97,7055,6666.66,6744.97,7418.2568
1307,2017/3/31,6730,6966,6635,6960,8211.9658
1308,2017/4/1,6959,7101,6748.5,6902.96,8799.4277
1309,2017/4/2,6925.19,6999.03,6820,6907,3062.077
1310,2017/4/3,6907.03,7070.1,6868.29,6962,5232.2335
1311,2017/4/4,6966.97,7380,6950,6974.2,8602.5165
1312,2017/4/5,6990,7171,6952.13,6975,3754.8474
1313,2017/4/6,6974.85,7118,6945,7040,4468.5886
1314,2017/4/7,7045.82,7300,7045.67,7166,6373.5332
1315,2017/4/8,7140,7219,7071.74,7105.6,1583.5498
1316,2017/4/9,7102.01,7172,7048,7172,1753.3212
1317,2017/4/10,7170.36,7300,7100,7193.49,5143.6962
1318,2017/4/11,7190.03,7288.91,7170,7270.54,2231.7892
1319,2017/4/12,7270.54,7315.96,7157.32,7158.75,3607.8908
1320,2017/4/13,7165,7250,7068,7086.79,3286.5255
1321,2017/4/14,7086.63,7164.8,6900.01,7057.25,3450.8418
1322,2017/4/15,7059.24,7150,6998,7106.33,1059.5367
1323,2017/4/16,7127.97,7150,7051,7092.5,910.4257
1324,2017/4/17,7081.35,7130,7040,7085.1,2004.5314
1325,2017/4/18,7086.1,7128.88,7049.1,7060.03,1880.6972
1326,2017/4/19,7062,7088,7000.02,7020,1507.4249
1327,2017/4/20,7020.27,7250.3,7012,7220,3287.1667
1328,2017/4/21,7223.15,7495,7220,7279.78,8223.7334
1329,2017/4/22,7279.78,7379,7200,7249.03,2480.1846
1330,2017/4/23,7250.6,7300,7180,7190.67,2580.4935
1331,2017/4/24,7195.12,7250,7089.97,7230,3113.3377
1332,2017/4/25,7230,7350,7160,7300.74,3404.9927
1333,2017/4/26,7307.96,7466,7290,7445.54,5472.3368
1334,2017/4/27,7445.66,7910,7400.02,7803.09,10305.1587
1335,2017/4/28,7803.18,8015,7678.1,7875,7682.4261
1336,2017/4/29,7875,7960,7760,7780,4595.9817
1337,2017/4/30,7789.18,7929,7740,7900,3377.1661
1338,2017/5/1,7900.24,8250,7874.03,8139.44,8051.6528
1339,2017/5/2,8143.56,8879,8120,8725,11162.5861
1340,2017/5/3,8708.12,8785,8443.49,8590,7954.4261
1341,2017/5/4,8590,8820.68,8325,8812.71,10506.7878
1342,2017/5/5,8812.83,9330.83,8598,8918,22051.7725
1343,2017/5/6,8918,8931.97,8400,8500.01,9086.283
1344,2017/5/7,8500.01,8725,8400,8413.4,5038.7973
1345,2017/5/8,8413.45,9015,8407.89,8783.7,8040.9923
1346,2017/5/9,8783.74,9750,8783.7,9510.01,15262.1158
1347,2017/5/10,9510.01,10136,9480,9860,20545.3027
1348,2017/5/11,9864,10600.9,9657,10500,14709.3857
1349,2017/5/12,10550,10777.74,10123.23,10368.99,11294.0193
1350,2017/5/13,10325,10458,9450,10176,10655.2412
1351,2017/5/14,10176,10500,10000,10385.87,4059.2244
1352,2017/5/15,10371.06,10479,9150,9459.91,13257.7706
1353,2017/5/16,9459.91,10000,9348.01,9839.48,11040.4167
1354,2017/5/17,9839.45,10540,9610,10450,8252.1339
1355,2017/5/18,10450,11638,10430.09,11559.94,9111.4211
1356,2017/5/19,11559.94,11926,11320,11698.97,7953.8357
1357,2017/5/20,11697.93,12600,11600,12499.89,8081.211
1358,2017/5/21,12500,13990,12270,13199.76,17196.9104
1359,2017/5/22,13198.94,14888,13102,14798.97,20782.9872
1360,2017/5/23,14785,15296,14002,14766,20671.0964
1361,2017/5/24,14770,16651.21,14400,16325.3,20418.7812
1362,2017/5/25,16335.77,19084,15323.23,18810,27489.2183
1363,2017/5/26,18810,18946,14684.44,15749.08,32360.3075
1364,2017/5/27,15799.99,15999,12355,13530.03,28263.7365
1365,2017/5/28,13532.03,15499.88,13532.03,14200,16797.6554
1366,2017/5/29,14200,14932,13610,14327,8880.2494
1367,2017/5/30,14325.97,15267,14210,14405.66,8667.6196
1368,2017/5/31,14405.66,16100,13400,15516,15232.5723
1369,2017/6/1,15550,17268,15441.83,16951,18671.9143
1370,2017/6/2,16962.97,17687.97,16500,17308,12977.1518
1371,2017/6/3,17305,17888.88,15900,17650.03,19148.4364
1372,2017/6/4,17650,17950.06,17053.36,17597.97,12018.9477
1373,2017/6/5,17597.97,18400.12,17400,18355.07,9683.2338
1374,2017/6/6,18383,20490,18160.03,19726.13,21295.4926
1375,2017/6/7,19716,20155,18555,19031.97,13187.1846
1376,2017/6/8,19031.97,19380,17800.03,18858.66,14504.3039
1377,2017/6/9,18858.66,19723.97,18717.2,19360.77,8639.7413
1378,2017/6/10,19400,20200,19205,19998.87,9514.8897
1379,2017/6/11,19999.97,20867.97,19960,20602.2,10994.3324
1380,2017/6/12,20627,21019.89,18888,19349,18312.0849
1381,2017/6/13,19310,19656,18000,19348.97,15568.8272
1382,2017/6/14,19348.97,19560,18276.93,18837.97,9949.8777
1383,2017/6/15,18833.81,18847.94,17000,17200,19637.861
1384,2017/6/16,17200.04,18355,17199.03,17945,12611.8374
1385,2017/6/17,17945,19316.13,17902.16,19266,19298.0097
1386,2017/6/18,19300,19369.83,18575.87,18926.65,10870.3416
1387,2017/6/19,18920,19190,18660,18812.1,9195.2897
1388,2017/6/20,18857.97,19888.99,18719.97,19380,12375.992
1389,2017/6/21,19390,20489,19000,19890,17126.3727
1390,2017/6/22,19846.03,19999.97,19200,19622,8214.0419
1391,2017/6/23,19622,19954,19550,19897.94,5308.5249
1392,2017/6/24,19897.94,19995,19410,19600,4951.5513
1393,2017/6/25,19600,19950,18550.55,19669,7568.463
1394,2017/6/26,19666,19840,18000,18268.96,11957.6243
1395,2017/6/27,18229,18910,16111.86,17329.97,12858.3813
1396,2017/6/28,17329.97,18200,16950,17934.9,9859.2604
1397,2017/6/29,17934.9,18187.97,17570,17900,5475.1999
1398,2017/6/30,17900,18280,17700,17960.06,4822.4196
1399,2017/7/1,17989.97,18150,17643,17828.9,4217.6593
1400,2017/7/2,17828.9,17828.9,16680,17181.3,6643.7391
1401,2017/7/3,17181.31,18366,16666,18280,12142.0212
1402,2017/7/4,18280,18559,17845.03,18155,8045.2527
1403,2017/7/5,18158.94,18200,17600,18014.57,7412.9008
1404,2017/7/6,18044.97,18400,18000,18077.58,5605.1064
1405,2017/7/7,18062.7,18150,17390,17752,6781.0555
1406,2017/7/8,17755,17800,17101.45,17583.03,5234.0546
1407,2017/7/9,17583.1,18000,17385.01,17789.93,3645.5488
1408,2017/7/10,17789.93,17814,17148,17177,5725.3488
1409,2017/7/11,17199,17360,16200,16625.11,10790.3089
1410,2017/7/12,16636.64,16760,16166.88,16699.94,7104.7478
1411,2017/7/13,16720.03,17131,16350,16410,6164.4724
1412,2017/7/14,16421.96,16633.57,15518,15660,7032.7902
1413,2017/7/15,15687.07,15820,13551.03,13899.97,14253.174
1414,2017/7/16,13900,14500,12922.2,13500,12224.9873
1415,2017/7/17,13500,14478.99,13210.85,14220.03,10581.8963
1416,2017/7/18,14200,15954.73,14171.22,15929.97,15988.6989
1417,2017/7/19,15929.97,16600,15170,16070,15048.9774
1418,2017/7/20,16070,17840.01,15666,17519.83,17327.1883
1419,2017/7/21,17520,19779.72,17450.13,18330,22751.3342
1420,2017/7/22,18342,19388,17908,18657,16133.0679
1421,2017/7/23,18635.01,19000,17380,18362.1,13963.3693
1422,2017/7/24,18362.18,18668,17718.22,18379.62,8248.7474
1423,2017/7/25,18379.8,18898,17416,17763.31,14956.7235
1424,2017/7/26,17751.34,17910,16511,16731.03,13913.4157
1425,2017/7/27,16740.48,17816.1,16666.66,17500.01,8752.5361
1426,2017/7/28,17500.11,19500,17401.03,18896.97,18297.5727
1427,2017/7/29,18879.98,19313,18407,18700,7776.8172
1428,2017/7/30,18700,18718,17962.99,18669.97,6074.2858
1429,2017/7/31,18625.99,19268,18316.01,18998.18,6684.3631
1430,2017/8/1,18999,19801,17500,18079.97,21241.6492
1431,2017/8/2,18079.97,18500,17850.01,18316,14998.3974
1432,2017/8/3,18316,18718.99,17923.01,18647,11468.9384
1433,2017/8/4,18647,19527.21,18605,19339,10126.239
1434,2017/8/5,19310.05,21540,19113.03,21191,23110.7164
1435,2017/8/6,21198,22490,21126.45,21959.73,13821.8764
1436,2017/8/7,21959,22833,21258,22200,12381.561
1437,2017/8/8,22200,23398.96,21940,22588.08,15933.1502
1438,2017/8/9,22588.08,23149.99,21700,22129.04,12178.605
1439,2017/8/10,22179.52,22800,22018.74,22658.97,8082.4286
1440,2017/8/11,22673.98,23594,22299,23500,12162.3472
1441,2017/8/12,23529,25887.9,23133.14,25788.2,13437.8486
1442,2017/8/13,25788.17,27998,25300.83,27166,29890.819
1443,2017/8/14,27101.1,28998,26614.76,28520,16750.19
1444,2017/8/15,28520,29865.99,26555,27560,26345.18
1445,2017/8/16,27560,29197.97,27033,29017.77,15328.9991
1446,2017/8/17,29017,30299.99,28680.1,29510.03,17491.43
1447,2017/8/18,29540,29546,28333,28918.95,18705.9809
1448,2017/8/19,28918.93,29099.95,27006,27371.82,25462.525
1449,2017/8/20,27250.03,28300.9,27158,27660.17,9391.7951
1450,2017/8/21,27661,28000,27000,27363.89,12840.9814
1451,2017/8/22,27331,27587,25000,26705,20733.4839
1452,2017/8/23,26760.89,28523,26705,28301.72,14728.1871
1453,2017/8/24,28334.8,28500,27301,28182,12222.3834
1454,2017/8/25,28228.1,29400,28000.06,29286,11193.159
1455,2017/8/26,29286,29400,28500,28713.63,6267.7298
1456,2017/8/27,28713.63,29147.74,28530.39,28928.87,6278.724
1457,2017/8/28,28925,29000,27703,28609.97,9228.6221
1458,2017/8/29,28610,30000,28510.93,29496,13410.06
1459,2017/8/30,29496,30200,28508,29281,14954.6777
1460,2017/8/31,29284.03,30099.99,29100,29949,8766.4873
1461,2017/9/1,29902.03,30988,29651.11,30878.76,12207.8512
1462,2017/9/2,30878.76,32350,28580,29400.08,15812.8839
1463,2017/9/3,29410.5,30398,27577,28310.69,9638.3445
1464,2017/9/4,28260.09,29000,25902,26348.17,18774.3634
1465,2017/9/5,26348.17,27376,22592.31,26060,31772.2396
1466,2017/9/6,26010.9,28810,26000,28656.9,17436.5092
1467,2017/9/7,28745,29348.06,28100.01,29027.68,11196.6343
1468,2017/9/8,29027.68,29200,23131.4,25114.9,24609.8043
1469,2017/9/9,25113,26320,23300,24428.8,27006.0589
1470,2017/9/10,24428.8,25105,21600,23668.36,21240.0995
1471,2017/9/11,23719.1,25890,23101,25600.9,18837.5918
1472,2017/9/12,25600.99,27500,25111,25600,17777.706
1473,2017/9/13,25602.99,25999,24103.45,24700.6,17346.8766
1474,2017/9/14,24690,25288.02,19597.32,21398,33010.5228
1475,2017/9/15,21385.9,21750,16827,20901,49730.3098
1476,2017/9/16,20924.95,22179.98,18231.24,19319.9,30077.2688
1477,2017/9/17,19319.9,20310,18900,19751,22935.9674
1478,2017/9/18,19751,22188,19400,21989.77,13457.0023
1479,2017/9/19,21988,23620,21300,22887.15,5859.6426
