date,open,high,low,close,volume,NVT
2013-09-01,806.37,815.0,803.2,811.42,84.2276,78.91661719
2013-09-02,810.6,816.7,801.0,811.0,317.1206,78.91661719
2013-09-03,809.7,812.0,797.9,801.37,304.0173,72.15479038
2013-09-04,801.0,802.2,797.0,798.2,308.53,72.15479038
2013-09-05,800.0,802.0,663.27,752.3,1016.1104,56.91054048
2013-09-06,752.3,752.3,723.64,739.98,518.1195,56.91054048
2013-09-07,739.2,740.4,696.9,725.0,1033.8905,101.48668559999999
2013-09-08,725.79,732.0,715.85,715.86,698.429,101.48668559999999
2013-09-09,715.86,769.05,711.81,755.26,766.0423,92.47220958
2013-09-10,756.0,763.0,500.0,749.0,1726.9743,92.47220958
2013-09-11,747.0,757.0,722.0,749.0,1190.6702,82.95145603
2013-09-12,748.99,768.3,746.0,759.0,828.1462,82.95145603
2013-09-13,758.0,766.76,754.0,762.61,594.4632,85.79369687
2013-09-14,763.23,766.58,753.2,753.25,2145.4302,85.79369687
2013-09-15,754.44,761.0,741.76,754.25,696.2108,148.2803564
2013-09-16,755.68,758.08,745.0,756.6,907.4939,148.2803564
2013-09-17,752.14,757.59,748.63,753.9,968.4375,84.92742758
2013-09-18,755.4,765.0,754.6,758.8,424.1958,84.92742758
2013-09-19,758.8,763.0,754.4,755.0,329.9089,53.31820249
2013-09-20,755.76,755.76,738.0,743.0,675.4576,53.31820249
2013-09-21,743.0,747.61,740.69,740.69,577.7013,105.9030121
2013-09-22,740.26,747.0,740.26,745.61,424.791,105.9030121
2013-09-23,745.61,746.0,730.43,736.0,450.8465,72.78831897
2013-09-24,735.95,741.0,729.3,729.3,684.1842,72.78831897
2013-09-25,733.0,751.5,732.9,747.0,1123.5083,65.45563749
2013-09-26,747.0,750.6,745.0,747.37,737.9142,65.45563749
2013-09-27,748.25,760.6,747.4,758.0,1503.6944,71.81266736
2013-09-28,758.17,767.0,756.0,762.0,2118.4571,71.81266736
2013-09-29,762.0,789.0,760.4,788.0,2851.3215,80.99887453
2013-09-30,786.4,794.2,770.0,770.0,2387.7725,80.99887453
2013-10-01,773.0,784.36,766.0,780.67,1332.8924,52.745025
2013-10-02,780.67,782.1,776.0,778.0,1008.3536,52.745025
2013-10-03,778.0,778.0,679.11,735.0,3876.1255,35.04969066
2013-10-04,739.5,770.0,726.01,758.0,2406.0372,35.04969066
2013-10-05,758.1,765.03,753.0,760.0,1044.442,119.41768529999999
2013-10-06,760.05,762.24,755.0,760.0,1009.8404,119.41768529999999
2013-10-07,755.8,770.0,755.8,763.0,1613.0421,65.89140404
2013-10-08,763.0,769.0,761.5,765.0,1176.6683,65.89140404
2013-10-09,765.0,800.48,765.0,793.0,3191.6440000000002,65.91345253
2013-10-10,791.06,809.0,791.06,795.01,3367.0715,65.91345253
2013-10-11,795.01,808.88,794.8,801.98,4384.0927,74.90751082
2013-10-12,800.5,806.5,798.87,803.0,1906.7376,74.90751082
2013-10-13,803.0,829.0,802.21,829.0,4362.6601,116.6517896
2013-10-14,827.0,900.0,823.01,874.0,7573.0006,116.6517896
2013-10-15,874.0,885.49,857.2,885.49,3451.6425,65.51405445
2013-10-16,886.0,929.99,877.13,912.0,8184.6852,65.51405445
2013-10-17,914.05,918.07,885.0,901.0,6288.065,66.37341909
2013-10-18,901.0,928.0,900.0,926.7,4861.2711,66.37341909
2013-10-19,925.0,1037.35,915.03,1019.0,17943.5282,60.20780464
2013-10-20,1018.89,1021.55,978.5,1019.0,5572.175,60.20780464
2013-10-21,1018.05,1130.75,1014.2,1119.68,13998.3863,67.89062865
2013-10-22,1120.0,1359.99,1106.3,1193.0,15649.8959,67.89062865
2013-10-23,1192.97,1265.0,1192.97,1243.8,8680.2319,49.08143011
2013-10-24,1243.8,1324.0,1029.0,1218.0,14942.907,49.08143011
2013-10-25,1218.0,1220.5,1020.01,1075.0,12866.966999999999,34.76640713
2013-10-26,1070.0,1175.0,1020.1,1079.9,8040.8104,34.76640713
2013-10-27,1076.1,1134.8,1075.0,1131.3,4489.1749,110.5682685
2013-10-28,1131.3,1238.1,1027.1,1236.9,10568.0539,110.5682685
2013-10-29,1233.1,1278.0,1220.81,1258.0,6815.5408,42.65528433
2013-10-30,1257.0,1280.0,1240.0,1266.0,7155.1013,42.65528433
2013-10-31,1266.0,1271.0,1236.0,1259.0,6256.6444,80.12308133
2013-11-01,1258.1,1267.0,1256.0,1264.88,5049.3509,80.12308133
2013-11-02,1265.0,1277.5,1262.0,1268.98,5569.6958,96.30468846
2013-11-03,1269.0,1284.54,1263.01,1279.1,5276.0672,96.30468846
2013-11-04,1279.0,1396.0,1279.0,1393.0,17534.7777,60.81706567
2013-11-05,1393.0,1515.3,1375.01,1512.5,25318.7851,60.81706567
2013-11-06,1512.5,1634.99,1488.0,1624.0,22487.8649,46.56817162
2013-11-07,1618.0,1949.99,1608.0,1851.21,39293.8478,46.56817162
2013-11-08,1851.3,2046.0,1812.1,2042.0,27105.2219,36.90070967
2013-11-09,2043.0,2700.0,2042.0,2500.0,44900.0594,36.90070967
2013-11-10,2500.0,2548.7,1925.0,1925.0,48646.8235,53.09743673
2013-11-11,1925.0,2249.9,1862.0,2225.0,29828.3586,53.09743673
2013-11-12,2225.0,2445.0,2110.0,2351.0,37576.4591,52.66196627
2013-11-13,2351.0,2498.0,2330.11,2476.0,28487.5867,52.66196627
2013-11-14,2479.0,2675.0,2471.9,2641.49,37894.337,42.98780469
2013-11-15,2641.59,2800.0,2605.0,2729.0,22516.8875,42.98780469
2013-11-16,2729.0,2793.12,2629.0,2758.0,31260.4646,53.81817141
2013-11-17,2758.0,3029.0,2741.0,2983.0,40083.635,53.81817141
2013-11-18,2983.0,4150.0,2980.0,4140.0,71729.0451,38.23385069
2013-11-19,4140.0,8000.0,4002.0,5685.0,83651.6276,38.23385069
2013-11-20,5680.0,6199.0,3450.0,4156.0,59877.0372,37.63345903
2013-11-21,4156.0,4995.0,4001.11,4908.0,44955.0942,37.63345903
2013-11-22,4899.0,5189.0,4650.1,5002.0,44919.2222,18.313193899999998
2013-11-23,5003.0,5955.0,4941.0,5605.0,48220.5376,18.313193899999998
2013-11-24,5849.0,5849.0,4909.0,5380.0,39277.4017,53.09968502
2013-11-25,5380.0,5410.0,5150.0,5200.0,21683.2552,53.09968502
2013-11-26,5200.0,5849.0,5008.0,5179.99,23001.0755,42.36952652
2013-11-27,5179.98,5880.0,5158.03,5737.2,38009.6359,42.36952652
2013-11-28,5738.0,6700.0,5510.0,6655.0,46897.6673,35.34477764
2013-11-29,6655.0,7550.0,6450.0,7097.0,40175.8007,35.34477764
2013-11-30,7097.0,7500.0,6902.0,7222.0,21065.2807,51.98227653
2013-12-01,7222.0,7349.0,5500.0,6500.0,42223.2458,51.98227653
2013-12-02,6500.01,6570.0,5827.0,6170.95,41221.6745,57.09930115
2013-12-03,6170.95,6600.0,5950.0,6389.1,14162.5319,57.09930115
2013-12-04,6389.1,6950.0,6370.95,6748.0,20545.929,70.62099898
2013-12-05,6748.0,7000.0,5000.0,5997.0,49129.8609,70.62099898
2013-12-06,5993.1,6270.0,5750.0,5850.0,20990.8355,38.86566438
2013-12-07,5850.0,6048.9,4201.0,4768.0,55534.2714,38.86566438
2013-12-08,4765.0,5000.01,4550.0,4718.0,24424.1152,63.04625498
2013-12-09,4718.0,5550.0,4701.0,5334.0,40551.752,63.04625498
2013-12-10,5329.0,5838.0,5300.0,5707.0,27244.4795,70.40258209
2013-12-11,5702.1,6080.0,5150.0,5450.0,52556.3889,70.40258209
2013-12-12,5450.0,5650.0,5251.0,5425.0,31730.8635,111.10158179999999
2013-12-13,5425.1,5655.0,5312.0,5499.0,30700.5107,111.10158179999999
2013-12-14,5497.89,5546.0,5145.0,5370.0,24925.1556,105.61498470000001
2013-12-15,5370.0,5380.0,4950.0,5229.0,33819.761,105.61498470000001
2013-12-16,5229.0,5345.0,4577.77,4705.1,42226.6741,71.90096179
2013-12-17,4705.1,4720.0,3105.0,3813.0,86320.9462,71.90096179
2013-12-18,3818.0,3928.0,2119.99,2839.0,110786.8182,35.404332000000004
2013-12-19,2840.0,3579.0,2562.0,3462.0,106477.2242,35.404332000000004
2013-12-20,3464.99,4288.0,3436.0,3985.0,89760.1192,60.47441856
2013-12-21,3985.0,4099.0,3250.0,3486.0,77599.4389,60.47441856
2013-12-22,3486.0,3956.0,3310.0,3771.0,80682.2047,78.88561601
2013-12-23,3774.0,3866.0,3666.0,3725.0,44532.1191,78.88561601
2013-12-24,3724.0,3970.0,3690.0,3828.0,47522.5394,94.67926632
2013-12-25,3828.0,3960.0,3763.12,3933.0,57988.1474,94.67926632
2013-12-26,3933.0,4326.0,3892.0,4288.07,95557.4587,133.3189603
2013-12-27,4290.0,4555.0,4200.0,4400.01,140844.0891,133.3189603
2013-12-28,4403.39,4450.0,4315.0,4390.0,47033.6182,146.2519865
2013-12-29,4390.0,4398.0,4203.0,4278.0,63211.1854,146.2519865
2013-12-30,4275.0,4410.0,4250.0,4363.0,50103.8396,101.3296563
2013-12-31,4363.4,4399.9,4240.0,4373.0,44691.2363,101.3296563
2014-01-01,4373.1,4395.0,4335.0,4354.0,30469.8835,161.37591469999998
2014-01-02,4352.55,4379.1,4340.08,4370.4,18563.5116,161.37591469999998
2014-01-03,4370.3,4848.0,4368.9,4745.0,112668.3285,65.65809252
2014-01-04,4745.47,4850.0,4649.92,4834.0,70463.9936,65.65809252
2014-01-05,4834.0,5555.0,4831.0,5345.0,126020.4199,81.84372105
2014-01-06,5345.0,5999.0,5272.0,5380.0,176788.4789,81.84372105
2014-01-07,5361.0,5842.77,4900.0,5367.0,136717.6909,105.02557730000001
2014-01-08,5364.2,5366.0,4200.0,4662.0,196244.12600000002,105.02557730000001
2014-01-09,4662.0,5089.0,4611.0,4909.0,105943.681,152.18266730000002
2014-01-10,4911.0,5058.0,4888.0,5004.89,58678.8958,152.18266730000002
2014-01-11,5004.0,5499.0,5002.41,5447.11,133467.0816,126.83518000000001
2014-01-12,5447.11,5549.0,5050.0,5259.0,130265.2188,126.83518000000001
2014-01-13,5255.0,5280.0,4640.0,4835.0,129104.859,135.0564762
2014-01-14,4835.0,5080.0,4738.0,4971.0,100056.334,135.0564762
2014-01-15,4965.11,5195.0,4953.1,5122.0,91914.6105,93.83772898
2014-01-16,5118.35,5157.0,4865.0,5001.99,68522.0987,93.83772898
2014-01-17,5001.6,5002.51,4791.0,4835.0,73671.5842,140.49406000000002
2014-01-18,4835.0,4924.44,4792.01,4850.99,47544.223,140.49406000000002
2014-01-19,4854.0,5121.0,4835.0,5065.0,52393.8711,202.5825712
2014-01-20,5063.1,5150.0,4968.0,4984.0,82670.8025,202.5825712
2014-01-21,4984.0,5069.0,4950.1,5000.0,41041.0618,89.13136416
2014-01-22,5000.0,5050.0,4970.2,4975.0,29295.144,89.13136416
2014-01-23,4975.88,5007.01,4888.0,4923.98,27388.122000000003,136.4495625
2014-01-24,4923.98,4940.0,4538.0,4734.59,84609.2971,136.4495625
2014-01-25,4753.02,4848.0,4670.0,4778.2,54159.1351,155.1978904
2014-01-26,4778.2,5150.0,4773.0,5017.0,88773.9272,155.1978904
2014-01-27,5016.31,5086.0,4855.0,4929.8,59934.3214,107.0006899
2014-01-28,4929.79,4929.79,4600.0,4796.98,99916.3519,107.0006899
2014-01-29,4798.0,4848.0,4722.0,4804.99,41815.8386,178.726396
2014-01-30,4805.0,4847.0,4734.0,4823.0,25856.2931,178.726396
2014-01-31,4821.99,4900.0,4813.0,4865.98,22042.4512,189.4754474
2014-02-01,4866.01,4994.0,4855.1,4945.0,27767.4256,189.4754474
2014-02-02,4945.02,5026.99,4925.0,4986.01,26816.6777,216.12714530000002
2014-02-03,4987.01,4998.0,4870.0,4917.8,25873.1914,216.12714530000002
2014-02-04,4917.79,4921.88,4871.6,4909.99,18779.5519,118.7404716
2014-02-05,4910.01,4950.0,4904.98,4913.0,16043.6674,118.7404716
2014-02-06,4913.0,4913.98,4756.0,4804.0,42171.0841,58.44265184
2014-02-07,4802.91,4810.0,4388.0,4600.0,124860.4977,58.44265184
2014-02-08,4601.0,4660.9,4485.0,4550.01,75348.4064,166.8981786
2014-02-09,4551.01,4599.0,4450.0,4486.98,72668.88799999999,166.8981786
2014-02-10,4486.98,4535.0,3507.98,4152.99,121703.6467,102.544528
2014-02-11,4151.0,4386.0,4055.0,4263.01,113527.8418,102.544528
2014-02-12,4263.01,4315.0,3874.03,4000.0,141407.7256,123.0546899
2014-02-13,4000.0,4069.8,3800.0,3962.79,80699.464,123.0546899
2014-02-14,3962.79,4035.9,3280.81,3991.0,211935.5509,86.24045673
2014-02-15,3991.0,4141.82,3833.01,4024.0,151277.9479,86.24045673
2014-02-16,4023.0,4044.0,3780.3,3825.55,107932.3344,125.64938889999999
2014-02-17,3825.54,4000.0,3667.0,3929.0,131769.6378,125.64938889999999
2014-02-18,3928.0,3961.0,3791.0,3800.0,77558.2426,105.5336287
2014-02-19,3800.0,3877.98,3790.08,3814.0,38951.6159,105.5336287
2014-02-20,3814.97,3850.0,3580.0,3627.8,112143.5042,125.73009099999999
2014-02-21,3627.8,3645.0,3267.0,3428.99,194593.8272,125.73009099999999
2014-02-22,3428.99,3628.0,3400.9,3516.0,116332.6347,153.46456640000002
2014-02-23,3516.0,3920.0,3515.99,3800.0,224078.1566,153.46456640000002
2014-02-24,3798.05,3859.9,3548.0,3625.07,166863.3054,74.77575829999999
2014-02-25,3625.07,3640.0,3040.99,3375.02,334562.3555,74.77575829999999
2014-02-26,3375.02,3627.99,3227.99,3472.0,254801.6691,93.36684735
2014-02-27,3471.01,3610.0,3462.99,3535.0,140844.3989,93.36684735
2014-02-28,3534.0,3570.0,3380.1,3420.0,114792.6895,100.2156265
2014-03-01,3421.0,3509.0,3376.0,3447.99,104047.5818,100.2156265
2014-03-02,3447.86,3497.5,3420.13,3438.0,48569.7179,175.8898515
2014-03-03,3438.02,3745.02,3420.5,3687.03,147378.3399,175.8898515
2014-03-04,3688.0,4296.89,3653.0,4205.01,339836.8291,64.72071512
2014-03-05,4205.0,4209.0,3850.01,3930.04,220155.5261,64.72071512
2014-03-06,3930.0,4020.0,3875.0,3918.0,100085.5329,101.3202442
2014-03-07,3918.13,3946.23,3810.0,3842.0,88527.2531,101.3202442
2014-03-08,3842.0,3882.0,3642.02,3657.01,121528.674,26.86726633
2014-03-09,3657.01,3836.66,3630.0,3805.2,110987.0862,26.86726633
2014-03-10,3805.21,3865.0,3768.1,3787.0,94244.4552,23.1788123
2014-03-11,3787.0,3838.0,3770.0,3789.0,57127.7129,23.1788123
2014-03-12,3789.98,3885.99,3786.3,3867.44,78274.4935,41.82697654
2014-03-13,3867.44,3938.39,3857.0,3910.12,66201.1439,41.82697654
2014-03-14,3910.12,3925.0,3795.0,3832.0,78300.0773,56.57123642
2014-03-15,3832.11,3850.02,3810.0,3831.97,36922.0161,56.57123642
2014-03-16,3831.97,3866.0,3830.0,3833.02,29396.298,213.272233
2014-03-17,3833.02,3848.0,3729.9,3766.05,59703.4314,213.272233
2014-03-18,3767.0,3768.0,3657.85,3702.01,85295.1452,141.70807480000002
2014-03-19,3703.0,3818.01,3695.0,3740.01,64560.8224,141.70807480000002
2014-03-20,3740.01,3750.0,3628.99,3648.9,46581.2159,90.27303531
2014-03-21,3647.07,3706.0,3213.1,3556.03,150476.4549,90.27303531
2014-03-22,3556.5,3560.04,3440.0,3460.17,58733.3853,167.6990791
2014-03-23,3460.84,3489.9,3441.0,3452.22,18627.7187,167.6990791
2014-03-24,3452.2,3486.02,3376.0,3448.0,63194.2459,156.0510636
2014-03-25,3448.1,3593.9,3441.05,3539.0,62466.15,156.0510636
2014-03-26,3539.0,3626.0,3494.33,3599.82,87075.026,156.69136709999998
2014-03-27,3599.82,3602.27,3018.88,3126.03,188773.4582,156.69136709999998
2014-03-28,3128.02,3215.0,2801.0,3030.0,210370.4625,73.68975054
2014-03-29,3030.0,3062.0,2950.0,2996.62,40848.6254,73.68975054
2014-03-30,2996.62,3004.99,2731.0,2785.0,75817.5847,130.5892067
2014-03-31,2783.98,2897.3,2600.0,2794.9,114991.5606,130.5892067
2014-04-01,2794.9,2918.0,2705.51,2853.51,93991.0441,102.245345
2014-04-02,2853.8,3002.0,2621.1,2689.81,135233.7758,102.245345
2014-04-03,2689.81,2710.02,2410.08,2659.0,158854.5389,82.95130385
2014-04-04,2658.98,2789.01,2581.01,2749.0,115948.9638,82.95130385
2014-04-05,2749.0,2834.98,2710.02,2820.01,60042.5039,107.78859440000001
2014-04-06,2820.01,2900.0,2788.0,2834.8,66267.5472,107.78859440000001
2014-04-07,2834.8,2878.0,2769.13,2784.06,42217.3324,153.61196769999998
2014-04-08,2783.5,2850.0,2740.22,2788.0,53103.3785,153.61196769999998
2014-04-09,2788.96,2826.91,2698.99,2735.66,44155.7305,142.67937869999997
2014-04-10,2738.08,2761.0,2420.11,2461.9,98381.1513,142.67937869999997
2014-04-11,2462.0,2710.0,2223.22,2595.02,162652.2669,62.24766786
2014-04-12,2595.02,2781.0,2593.0,2680.24,89295.4748,62.24766786
2014-04-13,2680.24,2691.01,2530.0,2545.1,42926.4891,244.97616119999998
2014-04-14,2545.2,2935.99,2505.0,2860.0,113346.05099999999,244.97616119999998
2014-04-15,2860.98,3183.0,2831.0,3113.0,172155.8253,102.6987699
2014-04-16,3113.0,3449.21,3101.01,3186.01,164052.7323,102.6987699
2014-04-17,3187.0,3350.0,3023.0,3094.0,115702.4777,94.88384558
2014-04-18,3096.0,3135.0,2945.98,2974.95,61830.6251,94.88384558
2014-04-19,2974.95,3170.07,2912.0,3085.03,78445.3445,224.8146313
2014-04-20,3085.0,3225.02,3080.09,3103.0,51983.4406,224.8146313
2014-04-21,3103.02,3255.0,3060.03,3127.19,70586.2523,92.19401901
2014-04-22,3128.99,3195.0,3067.1,3128.5,58486.3822,92.19401901
2014-04-23,3128.5,3131.92,3050.18,3065.0,26268.5614,106.8527675
2014-04-24,3065.0,3115.0,3019.98,3086.79,44785.3642,106.8527675
2014-04-25,3086.76,3155.0,2658.94,2771.0,129245.03300000001,101.7776199
2014-04-26,2769.96,2867.09,2720.0,2842.0,41629.2464,101.7776199
2014-04-27,2841.12,2854.98,2772.09,2777.37,18749.6246,205.967927
2014-04-28,2777.38,2782.03,2555.0,2698.0,85260.2709,205.967927
2014-04-29,2698.0,2781.6,2650.0,2761.98,63492.705,131.8466058
2014-04-30,2761.97,2824.8,2660.25,2797.82,70056.6278,131.8466058
2014-05-01,2797.95,2859.59,2775.08,2798.0,30042.8893,168.4442336
2014-05-02,2798.0,2829.98,2715.0,2737.2,24346.6178,168.4442336
2014-05-03,2737.19,2757.46,2683.0,2695.95,19630.7214,179.1483295
2014-05-04,2695.95,2748.92,2664.0,2701.97,33688.659,179.1483295
2014-05-05,2701.92,2719.0,2636.66,2662.84,21886.3786,201.6816398
2014-05-06,2662.72,2712.2,2559.04,2675.0,56881.0714,201.6816398
2014-05-07,2675.46,2747.9,2656.0,2742.27,41362.5347,118.1061852
2014-05-08,2741.03,2810.68,2729.96,2747.75,44898.187000000005,118.1061852
2014-05-09,2747.76,2820.95,2723.0,2815.0,34402.541,158.7209409
2014-05-10,2815.02,2843.95,2785.1,2797.46,26809.9683,158.7209409
2014-05-11,2797.1,2818.0,2671.1,2686.02,29948.6299,260.4825176
2014-05-12,2686.02,2729.6,2671.5,2720.02,27471.5897,260.4825176
2014-05-13,2720.02,2728.99,2688.0,2699.97,17627.5018,152.06225049999998
2014-05-14,2698.85,2746.88,2694.97,2738.91,23860.0474,152.06225049999998
2014-05-15,2737.52,2790.0,2730.0,2773.02,24929.4035,124.930305
2014-05-16,2773.2,2816.33,2730.0,2790.0,34926.5566,124.930305
2014-05-17,2789.51,2800.0,2775.01,2779.97,10225.9483,290.45921269999997
2014-05-18,2780.0,2785.0,2757.82,2760.0,9049.0299,290.45921269999997
2014-05-19,2760.49,2772.45,2749.11,2766.74,12573.9533,181.5629241
2014-05-20,2766.63,2891.98,2761.1,2885.06,37096.244,181.5629241
2014-05-21,2890.0,3090.0,2885.0,3047.11,52654.8995,120.066227
2014-05-22,3046.82,3199.0,3026.3,3157.85,60052.7918,120.066227
2014-05-23,3157.86,3376.94,3155.34,3291.41,76075.605,103.9358245
2014-05-24,3292.98,3294.98,3184.0,3215.73,38464.0392,103.9358245
2014-05-25,3215.33,3587.16,3203.02,3520.0,97457.0784,116.5268071
2014-05-26,3520.0,3673.7,3516.94,3607.09,65188.8064,116.5268071
2014-05-27,3608.08,3660.0,3453.97,3520.0,51994.0269,110.4004585
2014-05-28,3515.36,3635.13,3500.0,3557.0,42427.263,110.4004585
2014-05-29,3557.82,3585.0,3476.92,3524.0,27781.0633,160.5104222
2014-05-30,3524.02,3801.51,3511.0,3767.97,54228.0015,160.5104222
2014-05-31,3767.97,3899.99,3750.05,3869.03,46528.075,144.6944448
2014-06-01,3869.03,4220.03,3864.0,4135.0,68975.7135,144.6944448
2014-06-02,4134.97,4214.8,3895.0,3920.73,60568.6377,146.798191
2014-06-03,3920.68,4228.0,3913.0,4188.0,60992.969000000005,146.798191
2014-06-04,4188.0,4211.01,3756.0,4020.0,80286.4041,125.25912620000001
2014-06-05,4019.97,4166.0,3950.97,4102.99,56241.5518,125.25912620000001
2014-06-06,4102.96,4133.78,4046.32,4099.94,36061.4371,126.09754609999999
2014-06-07,4099.94,4120.0,4010.8,4080.03,32408.2174,126.09754609999999
2014-06-08,4080.33,4102.25,4060.0,4071.99,16555.0696,279.58565439999995
2014-06-09,4072.13,4082.0,4000.0,4030.0,21529.6994,279.58565439999995
2014-06-10,4030.0,4135.0,4011.0,4106.04,24415.7805,74.59334651
2014-06-11,4106.05,4144.89,4020.0,4048.41,33533.8882,74.59334651
2014-06-12,4047.02,4064.97,3888.0,3888.0,35070.4246,88.01273861
2014-06-13,3892.89,3929.55,3700.0,3791.1,65169.7781,88.01273861
2014-06-14,3791.1,3837.95,3580.56,3584.85,50448.6467,184.6709288
2014-06-15,3583.06,3674.0,3505.3,3537.77,58478.4555,184.6709288
2014-06-16,3538.98,3789.0,3528.0,3729.3,62627.1547,154.457088
2014-06-17,3729.3,3773.11,3716.1,3754.92,23415.0971,154.457088
2014-06-18,3754.0,3839.19,3745.0,3788.82,36751.8405,152.00843989999998
2014-06-19,3788.51,3830.0,3768.11,3773.82,28849.8327,152.00843989999998
2014-06-20,3773.85,3794.9,3678.0,3700.7,33590.6124,186.4602177
2014-06-21,3700.8,3750.65,3657.0,3730.03,25244.8939,186.4602177
2014-06-22,3730.05,3800.65,3716.0,3775.1,27551.8031,258.8920747
2014-06-23,3775.1,3783.53,3643.39,3693.84,37227.9718,258.8920747
2014-06-24,3693.75,3725.0,3660.0,3715.0,24982.812,58.03111477
2014-06-25,3713.51,3720.0,3566.94,3593.0,41311.4267,58.03111477
2014-06-26,3593.0,3614.02,3539.99,3587.44,34057.929,114.9761578
2014-06-27,3587.44,3726.99,3585.0,3706.0,33207.5347,114.9761578
2014-06-28,3706.0,3810.0,3676.0,3746.6,44413.5108,201.4912592
2014-06-29,3746.15,3783.0,3711.03,3721.97,22326.7484,201.4912592
2014-06-30,3721.98,3930.0,3717.36,3873.09,69554.2997,150.5424418
2014-07-01,3873.21,4084.99,3867.0,4027.48,76719.0439,150.5424418
2014-07-02,4027.61,4055.0,3926.64,4039.0,51491.1399,120.55187790000001
2014-07-03,4039.0,4075.01,3960.0,3973.7,48935.6646,120.55187790000001
2014-07-04,3973.67,4018.0,3911.0,3938.87,34619.1172,156.92926540000002
2014-07-05,3938.0,3945.0,3875.3,3914.0,24627.1405,156.92926540000002
2014-07-06,3914.0,3936.0,3875.12,3906.06,23772.4522,291.80123039999995
2014-07-07,3906.06,3927.88,3811.53,3816.01,26208.2636,291.80123039999995
2014-07-08,3816.01,3876.03,3791.29,3837.31,23077.7379,139.8225917
2014-07-09,3837.37,3869.65,3815.48,3831.0,17196.9931,139.8225917
2014-07-10,3832.31,3860.0,3756.0,3782.31,21720.2544,174.4580437
2014-07-11,3782.63,3886.45,3775.0,3858.64,22813.8822,174.4580437
2014-07-12,3859.86,3919.0,3836.49,3844.06,20722.1196,242.5153324
2014-07-13,3844.06,3920.0,3836.0,3864.23,22827.4509,242.5153324
2014-07-14,3864.0,3866.66,3777.0,3792.16,18253.6866,203.84786469999997
2014-07-15,3792.27,3844.0,3783.42,3820.0,13959.9703,203.84786469999997
2014-07-16,3819.0,3830.0,3767.09,3785.63,13912.8744,121.3594547
2014-07-17,3786.9,3885.0,3761.0,3851.06,16570.0405,121.3594547
2014-07-18,3854.79,3875.8,3820.0,3820.47,19030.7888,161.9371052
2014-07-19,3820.02,3917.0,3817.98,3871.01,20925.0574,161.9371052
2014-07-20,3871.45,3880.05,3830.48,3837.25,7889.8574,308.9633888
2014-07-21,3837.26,3850.0,3815.0,3842.0,11001.2584,308.9633888
2014-07-22,3841.97,3865.0,3824.0,3837.26,9779.4105,122.23749679999999
2014-07-23,3836.26,3846.6,3830.0,3842.0,5987.5281,122.23749679999999
2014-07-24,3842.14,3843.5,3701.11,3733.0,21319.2551,124.7444246
2014-07-25,3733.9,3760.6,3701.0,3717.66,16757.1738,124.7444246
2014-07-26,3717.57,3725.0,3659.98,3672.47,18479.64,260.4709311
2014-07-27,3672.83,3713.17,3667.62,3681.95,12313.1679,260.4709311
2014-07-28,3682.12,3685.0,3564.44,3595.38,29859.5528,170.4795886
2014-07-29,3595.81,3639.1,3566.0,3591.17,21429.9119,170.4795886
2014-07-30,3592.68,3610.0,3523.1,3553.33,16411.8541,170.8339504
2014-07-31,3554.71,3645.0,3468.0,3601.99,45888.1989,170.8339504
2014-08-01,3599.21,3705.43,3595.07,3703.0,39535.4111,78.76181989
2014-08-02,3698.48,3703.6,3607.57,3612.75,31245.5382,78.76181989
2014-08-03,3612.65,3642.0,3567.46,3633.16,16157.2487,266.2813463
2014-08-04,3633.14,3655.0,3605.0,3643.07,15103.953000000001,266.2813463
2014-08-05,3643.07,3655.0,3592.83,3614.49,21769.1962,96.13317053
2014-08-06,3615.33,3638.88,3606.0,3617.57,12856.2842,96.13317053
2014-08-07,3617.57,3645.0,3606.0,3630.84,11651.9168,130.1644794
2014-08-08,3629.44,3733.09,3627.13,3659.48,23943.0516,130.1644794
2014-08-09,3658.57,3667.2,3611.64,3629.81,10030.9648,142.27363200000002
2014-08-10,3629.81,3670.0,3615.3,3637.86,23960.1954,142.27363200000002
2014-08-11,3637.93,3648.24,3615.0,3616.35,9670.1029,176.1030281
2014-08-12,3615.53,3624.8,3450.87,3480.16,38746.0794,176.1030281
2014-08-13,3478.73,3529.0,3207.01,3290.0,38582.1798,105.742958
2014-08-14,3290.0,3346.23,3040.03,3092.0,61935.8731,105.742958
2014-08-15,3092.03,3180.0,3039.97,3057.0,43026.6009,95.60434115
2014-08-16,3056.91,3137.98,2895.79,3093.03,57408.3217,95.60434115
2014-08-17,3093.02,3216.98,2965.1,3008.97,39269.7489,159.55150030000001
2014-08-18,3007.21,3027.34,2751.0,2843.49,54230.6037,159.55150030000001
2014-08-19,2843.54,2945.34,2769.39,2904.96,46927.2486,109.0218376
2014-08-20,2904.96,3147.49,2862.51,3121.23,57224.7303,109.0218376
2014-08-21,3120.01,3290.0,3067.0,3183.24,65607.8792,116.8457439
2014-08-22,3183.24,3209.77,3057.97,3188.03,44465.4229,116.8457439
2014-08-23,3188.03,3189.87,3043.0,3079.87,32038.4153,183.9729262
2014-08-24,3079.87,3109.99,3021.0,3079.63,22513.767999999996,183.9729262
2014-08-25,3079.88,3150.05,3052.6,3072.66,19541.6673,117.7700712
2014-08-26,3072.66,3155.9,3055.89,3133.79,25851.988999999998,117.7700712
2014-08-27,3134.78,3230.0,3120.0,3155.17,30614.227000000003,114.1383583
2014-08-28,3155.17,3190.6,3105.21,3110.65,21949.4491,114.1383583
2014-08-29,3110.7,3155.0,3086.0,3129.46,20239.2363,180.134941
2014-08-30,3129.48,3142.0,3081.0,3083.88,12594.7483,180.134941
2014-08-31,3083.88,3099.08,2967.0,2986.94,18085.997,191.46061569999998
2014-09-01,2987.99,2998.0,2890.0,2941.33,25419.9207,191.46061569999998
2014-09-02,2941.96,2948.75,2874.97,2930.0,20869.1481,111.753773
2014-09-03,2929.89,2959.51,2903.31,2924.93,16548.2421,111.753773
2014-09-04,2924.0,3035.0,2900.0,3011.99,20652.8417,149.4016232
2014-09-05,3011.27,3028.05,2960.99,2977.73,20461.9913,149.4016232
2014-09-06,2976.51,2990.22,2950.0,2972.17,11877.7257,136.52026919999997
2014-09-07,2972.17,2990.36,2958.6,2974.0,10674.2133,136.52026919999997
2014-09-08,2974.0,2978.0,2881.0,2916.76,18674.0329,124.79911829999999
2014-09-09,2916.88,2945.0,2857.03,2879.0,20915.4789,124.79911829999999
2014-09-10,2878.93,2969.57,2870.0,2952.8,23244.9344,107.46045840000001
2014-09-11,2953.4,2962.0,2911.0,2924.9,17472.5197,107.46045840000001
2014-09-12,2924.9,2930.0,2891.0,2920.0,18946.4846,139.2633361
2014-09-13,2919.9,2943.55,2910.0,2930.8,14444.6986,139.2633361
2014-09-14,2930.8,2940.0,2906.03,2924.59,15273.4104,191.14897109999998
2014-09-15,2924.26,2927.99,2902.0,2916.58,10866.7689,191.14897109999998
2014-09-16,2916.42,2920.0,2865.0,2870.6,14026.4502,141.46110190000002
2014-09-17,2870.43,2879.85,2811.81,2827.12,16351.2529,141.46110190000002
2014-09-18,2826.11,2829.49,2645.13,2679.52,31913.0637,88.41746597
2014-09-19,2679.45,2679.45,2358.0,2465.49,78676.4809,88.41746597
2014-09-20,2465.8,2615.48,2366.0,2565.55,59425.6675,93.06584454
2014-09-21,2564.0,2608.46,2415.0,2474.16,65984.6933,93.06584454
2014-09-22,2473.81,2505.66,2432.0,2464.18,38757.1833,156.03319069999998
2014-09-23,2464.32,2497.06,2410.0,2436.09,33279.3671,156.03319069999998
2014-09-24,2437.92,2735.0,2420.11,2623.0,73839.4577,101.5522342
2014-09-25,2623.0,2639.99,2504.66,2527.03,41772.6781,101.5522342
2014-09-26,2528.31,2547.2,2440.0,2472.0,32487.4772,114.38686489999999
2014-09-27,2472.68,2490.0,2420.95,2422.0,24966.4755,114.38686489999999
2014-09-28,2421.98,2455.0,2345.1,2360.0,29178.1713,143.3691122
2014-09-29,2359.99,2375.5,2275.0,2350.0,50546.0663,143.3691122
2014-09-30,2349.99,2377.0,2294.52,2360.83,37649.7158,98.65064221
2014-10-01,2360.83,2428.99,2340.0,2348.32,44967.6663,98.65064221
2014-10-02,2348.32,2365.0,2290.0,2297.4,25149.1506,112.2664567
2014-10-03,2297.45,2320.0,2256.21,2265.39,33801.71,112.2664567
2014-10-04,2265.39,2278.0,2089.01,2089.87,65417.9027,75.09224335
2014-10-05,2089.01,2120.0,1850.0,1861.25,131376.2354,75.09224335
2014-10-06,1864.95,2117.0,1818.18,2096.86,180533.3985,53.28436383
2014-10-07,2095.23,2136.03,1986.0,2020.99,121173.6192,53.28436383
2014-10-08,2020.95,2120.0,2000.0,2110.21,106711.9699,72.88428376
2014-10-09,2110.21,2333.45,2079.03,2304.46,143564.0775,72.88428376
2014-10-10,2304.41,2315.99,2183.1,2189.03,135669.9622,72.43444786
2014-10-11,2190.05,2270.99,2153.21,2165.1,79176.9218,72.43444786
2014-10-12,2165.07,2235.0,2159.83,2216.83,58910.795999999995,130.8591764
2014-10-13,2216.83,2331.98,2208.0,2299.01,98065.6504,130.8591764
2014-10-14,2299.34,2496.23,2255.01,2452.08,142000.0609,64.19985817
2014-10-15,2452.11,2495.0,2383.09,2403.0,93478.6866,64.19985817
2014-10-16,2403.0,2451.7,2318.12,2339.98,74263.9756,103.4195282
2014-10-17,2338.11,2361.55,2285.59,2316.03,74326.0867,103.4195282
2014-10-18,2315.11,2394.0,2260.0,2370.0,85887.8233,119.90658459999999
2014-10-19,2370.0,2423.0,2352.75,2389.15,52287.7132,119.90658459999999
2014-10-20,2389.15,2394.0,2326.1,2356.0,65524.9518,109.63036000000001
2014-10-21,2354.92,2388.78,2322.0,2372.28,52218.9754,109.63036000000001
2014-10-22,2372.28,2374.99,2318.35,2338.44,42961.7645,69.90899474
2014-10-23,2338.44,2341.97,2191.24,2205.0,93437.7877,69.90899474
2014-10-24,2205.05,2220.0,2158.0,2194.26,66438.6987,83.6909904
2014-10-25,2194.5,2199.7,2090.0,2139.34,93121.3365,83.6909904
2014-10-26,2139.45,2190.09,2112.0,2139.0,59961.6949,147.2443854
2014-10-27,2139.0,2175.92,2106.17,2170.2,80765.0265,147.2443854
2014-10-28,2171.57,2184.0,2130.0,2143.0,72978.428,115.1383611
2014-10-29,2143.0,2155.0,2066.13,2076.0,78943.5353,115.1383611
2014-10-30,2076.42,2082.51,2037.0,2046.26,62660.6631,97.16600877
2014-10-31,2046.27,2142.0,2035.48,2067.55,82067.8198,97.16600877
2014-11-01,2067.36,2090.0,1963.19,1988.0,76825.0877,119.7864837
2014-11-02,1988.0,2010.0,1948.95,1968.0,39805.5134,119.7864837
2014-11-03,1968.0,2034.08,1967.0,1976.0,64222.8648,106.68089909999999
2014-11-04,1975.34,2008.87,1952.52,1977.54,107179.9247,106.68089909999999
2014-11-05,1977.43,2069.0,1965.0,2054.0,151940.7254,59.03555723
2014-11-06,2054.9,2124.8,2052.0,2122.51,80860.81,59.03555723
2014-11-07,2122.51,2149.98,2079.24,2086.96,204807.1945,74.44458367
2014-11-08,2086.97,2130.0,2080.0,2085.34,58112.3268,74.44458367
2014-11-09,2085.35,2195.0,2085.31,2179.0,63091.3115,134.0197212
2014-11-10,2179.0,2286.0,2175.0,2268.0,151084.728,134.0197212
2014-11-11,2267.97,2283.78,2217.37,2232.0,78463.2276,87.21943713
2014-11-12,2232.0,2478.75,2216.13,2463.25,150008.2649,87.21943713
2014-11-13,2463.15,2958.11,2460.0,2688.61,255566.8819,45.30014864
2014-11-14,2689.04,2697.0,2332.0,2443.92,202885.7499,45.30014864
2014-11-15,2443.92,2495.0,2275.84,2312.76,109329.2846,81.91733761
2014-11-16,2313.32,2395.0,2255.9,2306.83,101711.5049,81.91733761
2014-11-17,2307.07,2524.54,2305.5,2451.0,119029.9035,76.43492844
2014-11-18,2451.0,2458.35,2277.0,2326.14,115315.9513,76.43492844
2014-11-19,2326.96,2383.0,2294.99,2322.75,74185.0344,94.4086396
2014-11-20,2322.75,2346.48,2187.1,2208.34,77503.0191,94.4086396
2014-11-21,2210.01,2223.0,2102.91,2155.11,80916.6163,83.96440692
2014-11-22,2155.1,2226.92,2142.0,2177.05,70099.1633,83.96440692
2014-11-23,2177.93,2211.89,2145.0,2192.17,45621.9418,160.8650073
2014-11-24,2191.65,2354.0,2190.01,2325.35,117952.9395,160.8650073
2014-11-25,2325.34,2455.9,2319.0,2334.06,157176.275,66.50981341
2014-11-26,2333.08,2339.0,2245.33,2299.22,99527.9407,66.50981341
2014-11-27,2299.9,2310.0,2250.0,2264.32,67665.6555,104.0211319
2014-11-28,2263.44,2300.0,2195.01,2283.9,87657.6006,104.0211319
2014-11-29,2283.76,2391.0,2280.0,2347.68,119310.5798,68.63284657
2014-11-30,2347.68,2365.0,2286.04,2306.02,60636.5247,68.63284657
2014-12-01,2306.06,2369.99,2295.0,2339.4,70039.1963,85.34626316
2014-12-02,2339.36,2381.91,2328.11,2369.35,60347.7915,85.34626316
2014-12-03,2369.76,2378.0,2293.0,2327.33,55141.4801,64.99676353
2014-12-04,2327.92,2340.0,2271.0,2288.24,65717.9568,64.99676353
2014-12-05,2288.95,2324.0,2260.01,2313.78,71943.6294,50.99191359
2014-12-06,2313.78,2345.61,2281.23,2313.6,74957.8525,50.99191359
2014-12-07,2314.04,2318.17,2296.91,2315.9,23837.2259,123.593476
2014-12-08,2315.17,2316.14,2236.04,2263.0,100597.7269,123.593476
2014-12-09,2263.05,2277.7,2102.0,2155.22,120282.2738,42.09448733
2014-12-10,2155.12,2195.0,2132.39,2152.35,53168.7243,42.09448733
2014-12-11,2152.33,2261.63,2060.0,2194.28,98731.2562,75.59763414
2014-12-12,2193.68,2199.55,2132.28,2168.09,60998.1958,75.59763414
2014-12-13,2168.09,2198.0,2125.0,2149.0,55305.6488,97.57146148
2014-12-14,2149.0,2169.0,2130.11,2152.2,34465.2275,97.57146148
2014-12-15,2152.2,2184.04,2140.0,2153.41,39884.3932,96.2194877
2014-12-16,2153.42,2158.44,2042.49,2074.43,93379.6265,96.2194877
2014-12-17,2074.31,2084.72,1955.5,1974.67,107771.3648,61.20937295
2014-12-18,1974.67,2030.0,1875.0,1920.78,116443.5854,61.20937295
2014-12-19,1920.73,1960.0,1896.11,1938.17,58187.0657,72.39974752
2014-12-20,1938.2,2046.1,1933.0,2025.78,88382.6181,72.39974752
2014-12-21,2025.79,2041.7,1985.03,2015.6,39528.4319,123.60834129999999
2014-12-22,2015.91,2098.0,1993.0,2065.45,67305.857,123.60834129999999
2014-12-23,2065.49,2109.0,2050.3,2084.1,79876.6088,71.62073661
2014-12-24,2084.2,2096.0,2056.36,2061.64,30954.4293,71.62073661
2014-12-25,2061.64,2061.64,1961.0,1983.97,62323.4921,116.57809830000001
2014-12-26,1983.98,2018.0,1958.21,2011.81,42937.806,116.57809830000001
2014-12-27,2012.13,2070.0,1934.0,1947.55,70415.6515,100.5378511
2014-12-28,1947.01,1974.99,1921.0,1955.69,44876.5789,100.5378511
2014-12-29,1955.28,1990.0,1935.0,1952.72,81534.7039,103.5117073
2014-12-30,1952.72,1954.9,1903.33,1929.37,31819.6384,103.5117073
2014-12-31,1929.4,1945.0,1909.05,1943.9,37004.5176,80.86537377
2015-01-01,1943.91,1969.91,1938.59,1950.06,31000.0025,80.86537377
2015-01-02,1950.06,1952.49,1935.0,1944.6,18308.5936,152.72797849999998
2015-01-03,1944.63,1949.8,1845.0,1862.99,59296.4414,152.72797849999998
2015-01-04,1862.55,1871.98,1582.5,1624.0,129218.2208,45.16589358
2015-01-05,1625.07,1725.0,1606.0,1685.0,106866.0401,45.16589358
2015-01-06,1685.27,1715.0,1646.3,1691.42,68225.6243,67.12659377
2015-01-07,1691.04,1778.52,1688.85,1759.0,93107.4737,67.12659377
2015-01-08,1759.0,1815.0,1725.0,1738.73,75126.3116,73.62198274
2015-01-09,1738.73,1763.0,1713.0,1739.23,43357.1304,73.62198274
2015-01-10,1739.48,1773.03,1666.0,1682.02,73371.7855,55.16126086
2015-01-11,1681.12,1705.0,1635.0,1645.0,45331.9176,55.16126086
2015-01-12,1644.74,1686.45,1613.0,1679.2,68661.7661,72.33986839
2015-01-13,1679.23,1686.15,1412.0,1441.1,143175.5533,72.33986839
2015-01-14,1441.01,1456.0,900.0,1181.01,235165.0616,30.53325144
2015-01-15,1182.92,1349.0,1015.04,1289.0,209833.5455,30.53325144
2015-01-16,1289.0,1361.17,1202.0,1269.95,139624.516,50.31513809
2015-01-17,1269.81,1300.03,1170.0,1206.69,117195.257,50.31513809
2015-01-18,1206.69,1361.0,1180.0,1295.0,111440.8228,90.22279635
2015-01-19,1294.96,1344.0,1248.0,1282.92,91090.1,90.22279635
2015-01-20,1282.93,1325.0,1249.99,1293.69,88771.2381,74.12990068
2015-01-21,1293.77,1320.0,1283.55,1305.44,43573.2272,74.12990068
2015-01-22,1305.44,1466.0,1303.64,1424.06,118368.1585,53.11629003
2015-01-23,1424.06,1450.0,1375.0,1422.17,92836.429,53.11629003
2015-01-24,1422.17,1509.95,1408.61,1498.0,84361.3793,70.63225297
2015-01-25,1498.0,1580.0,1490.1,1512.94,119847.4367,70.63225297
2015-01-26,1512.61,1920.65,1502.0,1665.0,292829.962,38.72852195
2015-01-27,1664.15,1704.98,1551.0,1614.16,159708.0003,38.72852195
2015-01-28,1614.17,1667.8,1564.35,1583.02,96943.7306,81.96835279999999
2015-01-29,1583.02,1594.65,1370.0,1435.28,123461.2128,81.96835279999999
2015-01-30,1435.27,1513.0,1403.0,1423.07,90882.3771,71.44050509
2015-01-31,1423.07,1461.95,1390.0,1426.49,77681.3441,71.44050509
2015-02-01,1426.15,1438.0,1305.77,1343.8,87268.9409,85.37286162
2015-02-02,1343.67,1454.17,1343.0,1395.72,114337.3408,85.37286162
2015-02-03,1395.72,1553.3,1387.65,1482.28,128633.8523,64.60221839
2015-02-04,1482.28,1494.24,1364.29,1398.51,93945.1635,64.60221839
2015-02-05,1398.51,1430.0,1337.64,1344.83,76316.7558,66.62355579
2015-02-06,1343.06,1401.81,1327.91,1401.77,80403.1867,66.62355579
2015-02-07,1401.81,1434.0,1377.0,1395.04,79141.7385,84.22509853
2015-02-08,1395.86,1424.0,1362.5,1370.99,67343.9518,84.22509853
2015-02-09,1370.99,1399.0,1345.0,1365.08,61716.7599,76.83020444
2015-02-10,1365.08,1379.66,1336.9,1345.96,43358.5083,76.83020444
2015-02-11,1345.96,1403.0,1344.64,1379.01,51119.123,70.94043436
2015-02-12,1379.28,1389.85,1346.4,1366.0,41961.0542,70.94043436
2015-02-13,1366.0,1499.07,1358.12,1488.87,71678.3393,58.37992709
2015-02-14,1489.42,1575.0,1462.9,1544.53,85692.4531,58.37992709
2015-02-15,1544.9,1675.85,1506.94,1530.56,123816.7469,82.11127649
2015-02-16,1530.95,1545.01,1406.49,1464.44,84952.4365,82.11127649
2015-02-17,1464.45,1498.0,1444.0,1490.29,56970.29,91.52883399
2015-02-18,1489.64,1534.96,1460.2,1472.19,59372.60400000001,91.52883399
2015-02-19,1472.0,1490.0,1435.7,1477.54,31178.597,77.99657497
2015-02-20,1477.5,1545.0,1476.58,1515.24,53408.6898,77.99657497
2015-02-21,1515.24,1545.0,1501.68,1518.03,38010.6218,87.89832085
2015-02-22,1518.03,1537.66,1455.11,1473.15,41928.5401,87.89832085
2015-02-23,1473.02,1480.0,1450.01,1469.5,34839.9859,101.5375975
2015-02-24,1469.41,1497.48,1469.01,1482.4,35994.1172,101.5375975
2015-02-25,1482.4,1494.1,1465.0,1485.0,30278.826,77.05053506
2015-02-26,1485.5,1488.0,1460.0,1475.61,23329.3357,77.05053506
2015-02-27,1475.7,1644.71,1472.03,1586.01,71802.1235,63.28373911
2015-02-28,1586.01,1617.87,1562.08,1584.71,51789.364,63.28373911
2015-03-01,1585.36,1606.56,1538.0,1557.0,38312.3518,125.7315679
2015-03-02,1557.0,1669.16,1551.72,1633.45,88855.8548,125.7315679
2015-03-03,1633.45,1749.2,1632.3,1690.65,109997.9609,58.72953433
2015-03-04,1690.66,1796.21,1686.58,1760.93,111306.7538,58.72953433
2015-03-05,1761.84,1776.0,1657.0,1684.0,84601.8485,65.6410632
2015-03-06,1683.68,1750.0,1651.0,1701.0,85619.2848,65.6410632
2015-03-07,1701.0,1730.0,1676.0,1703.08,41180.0412,68.20746590000002
2015-03-08,1703.08,1729.0,1691.58,1705.8,51225.4704,68.20746590000002
2015-03-09,1705.8,1780.9,1697.0,1768.1,75129.7943,83.34397647
2015-03-10,1768.1,1891.07,1764.46,1824.0,136399.5245,83.34397647
2015-03-11,1824.0,1870.0,1806.0,1855.57,68232.8325,56.82836329999999
2015-03-12,1855.32,1870.0,1822.0,1837.38,64405.5863,56.82836329999999
2015-03-13,1837.53,1857.75,1790.83,1822.95,64936.1357,72.62660724
2015-03-14,1822.95,1828.78,1762.2,1783.0,53824.0529,72.62660724
2015-03-15,1783.0,1790.0,1751.0,1780.11,37349.1147,157.6749039
2015-03-16,1780.11,1845.0,1775.99,1828.7,61092.7589,157.6749039
2015-03-17,1828.7,1832.36,1790.0,1800.08,44536.6462,84.2141417
2015-03-18,1800.0,1802.0,1657.0,1694.65,85996.6523,84.2141417
2015-03-19,1694.68,1701.36,1531.97,1618.29,135210.8664,60.23131668
2015-03-20,1618.37,1644.24,1562.0,1623.56,89990.53300000001,60.23131668
2015-03-21,1623.56,1631.0,1571.55,1622.26,65861.4594,102.6186909
2015-03-22,1622.26,1630.48,1597.31,1614.86,41369.5436,102.6186909
2015-03-23,1614.86,1674.52,1609.22,1649.2,78688.0129,79.62556766
2015-03-24,1648.8,1655.96,1480.0,1507.87,106935.4236,79.62556766
2015-03-25,1507.89,1549.0,1435.0,1534.79,111372.4058,61.88433057
2015-03-26,1534.79,1595.0,1498.34,1562.0,105312.9789,61.88433057
2015-03-27,1562.0,1594.15,1512.22,1537.3,70103.0507,61.51039712
2015-03-28,1537.27,1586.0,1521.0,1565.88,59182.9803,61.51039712
2015-03-29,1565.88,1577.85,1470.0,1513.0,46430.9322,109.8240992
2015-03-30,1512.95,1539.0,1468.46,1527.62,60083.8722,109.8240992
2015-03-31,1527.62,1550.0,1495.11,1506.0,48249.8628,80.38090709
2015-04-01,1505.95,1528.33,1482.64,1508.1,47319.7595,80.38090709
2015-04-02,1508.05,1548.0,1505.0,1537.63,56568.2362,66.05252277
2015-04-03,1537.68,1596.62,1537.68,1583.14,77047.3323,66.05252277
2015-04-04,1583.29,1584.36,1550.1,1563.81,35046.8406,124.910549
2015-04-05,1563.81,1605.0,1556.4,1595.04,38030.047999999995,124.910549
2015-04-06,1594.78,1621.67,1588.0,1595.88,39839.328,126.11988600000001
2015-04-07,1595.88,1599.71,1563.0,1580.49,44292.8968,126.11988600000001
2015-04-08,1580.79,1589.18,1480.0,1512.16,64446.9915,67.2029939
2015-04-09,1512.16,1516.4,1465.02,1514.0,70552.6134,67.2029939
2015-04-10,1514.0,1520.0,1435.0,1445.64,66415.6879,79.54019925
2015-04-11,1445.99,1507.5,1430.0,1469.98,76049.3217,79.54019925
2015-04-12,1470.0,1474.6,1440.0,1462.81,41674.7316,123.73541440000001
2015-04-13,1462.89,1472.9,1445.0,1455.05,32608.6892,123.73541440000001
2015-04-14,1455.05,1459.9,1341.62,1354.53,80640.0889,53.88610981
2015-04-15,1355.81,1381.78,1339.0,1367.32,50697.5248,53.88610981
2015-04-16,1367.47,1412.92,1364.0,1405.63,52610.9776,78.12486155
2015-04-17,1405.95,1428.51,1364.65,1376.47,66191.3182,78.12486155
2015-04-18,1376.47,1393.0,1362.18,1378.22,60125.0362,85.10545401
2015-04-19,1378.22,1407.0,1374.18,1398.5,29669.3637,85.10545401
2015-04-20,1398.5,1403.99,1364.81,1386.26,49786.1594,76.42152638
2015-04-21,1386.2,1403.49,1380.51,1399.19,33897.0,76.42152638
2015-04-22,1399.2,1500.0,1393.65,1470.8,62182.1901,67.48304182
2015-04-23,1470.66,1478.38,1450.0,1459.93,35608.0517,67.48304182
2015-04-24,1459.93,1474.0,1429.0,1438.69,56780.4789,76.61305272
2015-04-25,1438.69,1449.0,1409.0,1419.95,37592.1841,76.61305272
2015-04-26,1419.65,1425.0,1323.25,1327.48,66524.0944,86.81994141
2015-04-27,1327.48,1380.56,1325.99,1374.9,52649.7869,86.81994141
2015-04-28,1374.9,1431.0,1364.0,1392.5,64415.9605,64.58821921
2015-04-29,1392.5,1408.96,1375.31,1390.1,39113.9815,64.58821921
2015-04-30,1390.1,1462.95,1382.0,1443.98,70381.4314,71.84563054
2015-05-01,1443.98,1478.2,1435.22,1448.0,60615.8855,71.84563054
2015-05-02,1448.0,1458.68,1429.94,1447.92,35799.12,102.190203
2015-05-03,1448.04,1516.0,1444.9,1496.5,65393.3749,102.190203
2015-05-04,1496.25,1509.67,1466.02,1468.84,44343.8066,86.89925838
2015-05-05,1469.06,1483.13,1437.0,1458.14,45929.9123,86.89925838
2015-05-06,1458.16,1466.0,1446.56,1454.23,30911.6742,77.31698369
2015-05-07,1454.21,1460.5,1408.6,1429.59,45817.1619,77.31698369
2015-05-08,1429.59,1522.68,1429.59,1519.03,58870.1855,72.05944702
2015-05-09,1518.43,1550.0,1479.0,1495.5,69015.3967,72.05944702
2015-05-10,1495.55,1524.0,1475.07,1490.46,48958.0154,117.1330747
2015-05-11,1490.4,1508.27,1481.1,1503.7,42688.4361,117.1330747
2015-05-12,1503.7,1520.7,1485.06,1500.12,46046.6429,68.56119758
2015-05-13,1500.34,1517.9,1495.15,1509.5,30350.3217,68.56119758
2015-05-14,1509.5,1513.0,1442.0,1464.22,40327.5161,75.92573839
2015-05-15,1464.22,1480.23,1436.5,1471.31,33953.665,75.92573839
2015-05-16,1471.31,1474.94,1458.5,1467.73,16898.8968,121.72238300000001
2015-05-17,1467.96,1478.34,1452.12,1474.76,18317.5763,121.72238300000001
2015-05-18,1474.94,1475.93,1460.0,1465.96,13638.133,90.77634252
2015-05-19,1466.03,1470.0,1437.28,1448.05,26665.9763,90.77634252
2015-05-20,1448.01,1455.0,1440.81,1453.93,12590.8758,74.13331755
2015-05-21,1454.0,1468.0,1441.0,1462.68,23916.39,74.13331755
2015-05-22,1462.98,1475.19,1457.2,1469.8,25768.4748,64.38535574
2015-05-23,1469.8,1506.75,1467.46,1495.44,42089.2168,64.38535574
2015-05-24,1495.44,1501.0,1481.36,1499.19,29990.5498,134.635648
2015-05-25,1499.42,1516.0,1470.1,1482.98,28846.4358,134.635648
2015-05-26,1482.98,1487.98,1467.0,1481.02,27657.623,81.75238051
2015-05-27,1481.0,1499.12,1477.1,1480.0,23623.0469,81.75238051
2015-05-28,1480.0,1488.42,1475.0,1483.71,18585.5043,73.76881922
2015-05-29,1483.44,1487.99,1466.01,1476.9,25094.6884,73.76881922
2015-05-30,1476.9,1481.39,1442.8,1451.19,29985.7712,77.49021718
2015-05-31,1451.19,1454.24,1433.33,1445.3,17269.1727,77.49021718
2015-06-01,1445.3,1448.96,1381.0,1386.4,28009.247000000003,58.51701092
2015-06-02,1386.26,1416.4,1375.04,1408.27,30068.0188,58.51701092
2015-06-03,1408.16,1417.57,1390.95,1404.92,21242.2787,62.72473077
2015-06-04,1404.92,1417.0,1391.26,1404.5,24159.2879,62.72473077
2015-06-05,1404.5,1411.07,1385.71,1402.47,34270.1373,62.45015266
2015-06-06,1402.52,1404.65,1390.06,1394.28,16188.2184,62.45015266
2015-06-07,1394.28,1402.9,1371.06,1376.73,16412.6052,94.96667395
2015-06-08,1376.73,1415.58,1373.86,1408.64,33643.6669,94.96667395
2015-06-09,1408.55,1431.66,1402.49,1423.19,38779.5614,61.86990755
2015-06-10,1423.19,1432.5,1413.2,1416.63,33224.7747,61.86990755
2015-06-11,1416.98,1427.22,1407.5,1422.43,29557.4293,57.28508748
2015-06-12,1422.58,1435.0,1418.94,1433.0,31434.6605,57.28508748
2015-06-13,1433.1,1434.3,1420.0,1432.92,28645.7886,79.64346914
2015-06-14,1432.93,1464.78,1430.0,1450.59,43518.833,79.64346914
2015-06-15,1450.59,1468.99,1448.5,1465.38,40453.1236,69.70048871
2015-06-16,1465.34,1628.0,1464.81,1583.56,89885.8481,69.70048871
2015-06-17,1583.56,1650.0,1540.0,1576.32,116739.83099999999,40.952932000000004
2015-06-18,1576.32,1605.54,1524.06,1562.72,76801.6004,40.952932000000004
2015-06-19,1562.72,1581.84,1520.01,1535.02,61086.9305,33.82401505
2015-06-20,1535.11,1538.45,1486.1,1525.53,69417.6643,33.82401505
2015-06-21,1525.53,1539.0,1503.44,1511.33,38374.9378,114.7104423
2015-06-22,1511.13,1550.0,1497.96,1537.99,49011.8909,114.7104423
2015-06-23,1538.0,1549.8,1506.1,1524.09,42869.6708,63.92368006
2015-06-24,1524.2,1527.76,1486.96,1490.13,38883.6726,63.92368006
2015-06-25,1490.64,1513.7,1486.06,1507.68,42979.4599,71.98159284
2015-06-26,1507.63,1511.99,1492.93,1497.5,46933.3492,71.98159284
2015-06-27,1497.53,1537.68,1496.04,1535.59,40251.172,81.25216303
2015-06-28,1535.59,1575.0,1532.19,1554.12,46997.6459,81.25216303
2015-06-29,1554.12,1588.01,1530.0,1585.69,49749.0937,62.62775304
2015-06-30,1585.34,1670.0,1580.01,1649.89,104956.4042,62.62775304
2015-07-01,1649.89,1650.37,1576.66,1597.14,83193.7957,59.94159796
2015-07-02,1597.2,1624.99,1554.43,1569.84,68206.9535,59.94159796
2015-07-03,1569.83,1587.87,1553.2,1571.11,36687.8374,58.84433146
2015-07-04,1571.14,1603.83,1558.56,1598.23,42012.3472,58.84433146
2015-07-05,1598.71,1639.99,1588.05,1636.99,60487.8584,65.23078829
2015-07-06,1636.37,1736.0,1634.0,1726.54,108174.5224,65.23078829
2015-07-07,1726.54,1745.0,1638.99,1657.58,51050.3414,45.28281377
2015-07-08,1657.6,1730.22,1637.0,1701.53,55350.449,45.28281377
2015-07-09,1701.53,1723.72,1660.0,1695.72,53987.8883,59.53294832
2015-07-10,1695.72,2222.0,1680.32,1802.31,119051.3477,59.53294832
2015-07-11,1801.95,1929.0,1720.0,1884.8,111115.7633,62.79608667
2015-07-12,1885.67,1999.96,1860.0,1966.77,79984.1037,62.79608667
2015-07-13,1967.14,2000.0,1730.0,1808.76,79878.428,61.96387501
2015-07-14,1808.76,1863.85,1777.12,1825.66,50590.193,61.96387501
2015-07-15,1825.66,1829.9,1782.27,1805.74,34922.1182,67.94796523
2015-07-16,1805.75,1813.0,1669.87,1691.22,66267.6388,67.94796523
2015-07-17,1691.22,1720.58,1651.08,1710.21,55080.7451,66.93432334
2015-07-18,1710.21,1744.99,1676.51,1695.17,32491.8724,66.93432334
2015-07-19,1695.73,1713.83,1675.0,1695.06,22380.8197,122.96321640000001
2015-07-20,1695.08,1723.0,1668.11,1713.54,27111.8236,122.96321640000001
2015-07-21,1713.54,1736.45,1700.06,1714.83,29776.4557,68.75763128
2015-07-22,1714.83,1721.98,1683.18,1712.11,38458.6114,68.75763128
2015-07-23,1711.17,1725.0,1697.62,1705.2,24966.5604,70.58066885
2015-07-24,1705.01,1778.6,1693.48,1758.58,56295.1256,70.58066885
2015-07-25,1758.58,1805.06,1757.18,1785.91,65007.8171,74.29439272
2015-07-26,1786.41,1822.22,1770.01,1809.0,34336.3198,74.29439272
2015-07-27,1809.35,1823.95,1765.0,1784.91,41282.9827,82.00348076
2015-07-28,1784.02,1850.0,1783.0,1832.12,51845.8102,82.00348076
2015-07-29,1832.12,1850.0,1785.13,1797.36,41516.9294,72.09351228
2015-07-30,1797.36,1803.27,1761.87,1775.33,39317.6499,72.09351228
2015-07-31,1775.01,1794.0,1737.84,1760.04,55980.5803,69.06151436
2015-08-01,1760.04,1768.0,1708.99,1718.57,40190.469,69.06151436
2015-08-02,1718.57,1736.94,1700.06,1731.12,35421.5275,85.12484842
2015-08-03,1730.56,1761.61,1720.11,1752.58,29653.9012,85.12484842
2015-08-04,1752.58,1775.0,1732.0,1767.81,35074.2389,68.46111718
2015-08-05,1767.3,1775.0,1740.26,1756.46,33950.3902,68.46111718
2015-08-06,1756.89,1761.0,1721.27,1731.15,28132.0625,75.15442975
2015-08-07,1731.15,1739.94,1709.4,1737.71,49098.1646,75.15442975
2015-08-08,1737.83,1746.0,1650.0,1664.72,50405.9611,58.00147039
2015-08-09,1664.73,1679.82,1589.0,1632.98,55568.8243,58.00147039
2015-08-10,1633.02,1710.0,1612.58,1626.83,43796.5722,40.89163611
2015-08-11,1626.83,1687.02,1626.0,1666.0,44749.4469,40.89163611
2015-08-12,1665.84,1715.0,1660.29,1695.26,64378.3908,56.95836437
2015-08-13,1695.26,1705.0,1662.07,1678.84,39456.6903,56.95836437
2015-08-14,1678.96,1697.83,1649.12,1692.27,44151.5894,54.30202702
2015-08-15,1692.18,1703.0,1680.29,1692.0,29987.4092,54.30202702
2015-08-16,1692.0,1693.0,1621.0,1645.26,37488.2118,67.18706409
2015-08-17,1645.34,1663.0,1632.01,1647.35,40853.0001,67.18706409
2015-08-18,1647.35,1650.23,1611.0,1620.27,29057.8165,40.65874612
2015-08-19,1620.32,1620.46,1433.0,1505.81,78929.5342,40.65874612
2015-08-20,1505.5,1555.0,1430.06,1494.08,80824.6573,40.73682303
2015-08-21,1494.33,1521.91,1480.0,1497.1,46155.6469,40.73682303
2015-08-22,1497.1,1515.5,1430.0,1445.68,80695.694,54.49608905
2015-08-23,1445.97,1504.93,1396.52,1472.3,80482.6401,54.49608905
2015-08-24,1472.5,1473.01,1382.06,1409.72,99352.7542,33.30369476
2015-08-25,1409.72,1444.3,1238.0,1423.48,135490.7537,33.30369476
2015-08-26,1423.48,1484.9,1393.01,1454.49,121239.0212,38.50071856
2015-08-27,1454.87,1490.0,1427.0,1446.13,63858.1406,38.50071856
2015-08-28,1446.13,1476.55,1409.46,1467.47,59907.7096,44.46895937
2015-08-29,1467.32,1510.0,1445.06,1462.22,37041.3976,44.46895937
2015-08-30,1462.27,1483.0,1440.33,1442.5,29539.9569,82.51375783
2015-08-31,1442.74,1482.92,1430.0,1471.74,32601.2608,82.51375783
2015-09-01,1471.76,1482.61,1433.0,1446.0,66957.9215,39.48957741
2015-09-02,1446.0,1462.81,1435.5,1460.11,25301.1492,39.48957741
2015-09-03,1460.13,1467.29,1430.0,1448.7,24133.4872,56.9144703
2015-09-04,1448.35,1484.16,1433.2,1468.94,58432.777,56.9144703
2015-09-05,1468.94,1503.6,1460.7,1495.0,39146.5557,74.01865622
2015-09-06,1494.8,1568.98,1488.0,1532.86,60765.3982,74.01865622
2015-09-07,1532.86,1551.05,1521.97,1535.37,37252.3718,66.28664376
2015-09-08,1535.4,1580.07,1528.7,1547.47,58349.7235,66.28664376
2015-09-09,1547.47,1566.66,1514.22,1526.69,39176.4415,46.32799293
2015-09-10,1526.66,1537.42,1508.28,1530.53,25811.1089,46.32799293
2015-09-11,1530.52,1555.77,1524.9,1545.8,23854.1577,56.546669900000005
2015-09-12,1545.66,1550.0,1529.85,1535.09,16382.5673,56.546669900000005
2015-09-13,1535.09,1535.43,1484.76,1492.92,27354.6121,80.05332777
2015-09-14,1492.92,1495.0,1453.0,1487.32,28669.7319,80.05332777
2015-09-15,1487.18,1490.8,1471.58,1476.54,53197.3317,57.93043823
2015-09-16,1476.74,1491.0,1460.01,1473.27,36428.8271,57.93043823
2015-09-17,1473.45,1486.74,1469.6,1485.65,51877.2154,52.96330374
2015-09-18,1485.76,1506.52,1480.0,1492.5,107631.5916,52.96330374
2015-09-19,1492.5,1496.5,1482.72,1488.0,42910.2889,54.006032
2015-09-20,1488.0,1491.7,1479.9,1487.07,37601.0852,54.006032
2015-09-21,1486.9,1491.64,1440.06,1461.07,63773.0968,43.45622477
2015-09-22,1461.18,1539.0,1445.13,1489.94,60103.2796,43.45622477
2015-09-23,1489.56,1510.0,1485.88,1493.18,67268.6293,52.56151088
2015-09-24,1493.18,1512.0,1490.49,1507.67,158417.7702,52.56151088
2015-09-25,1507.68,1538.98,1503.0,1525.81,209131.3221,46.52943909
2015-09-26,1525.81,1527.55,1509.11,1516.74,124086.73800000001,46.52943909
2015-09-27,1516.74,1520.02,1507.52,1512.41,161656.5024,95.21454354
2015-09-28,1512.41,1578.0,1508.5,1559.39,419585.5351,95.21454354
2015-09-29,1559.44,1576.02,1528.38,1544.31,173657.9903,47.14406267
2015-09-30,1544.44,1544.65,1520.11,1529.1,79182.6897,47.14406267
2015-10-01,1529.1,1540.74,1525.92,1538.98,79840.6291,52.51580327
2015-10-02,1538.98,1544.0,1530.1,1530.28,121687.6722,52.51580327
2015-10-03,1530.28,1549.0,1530.1,1545.79,109661.3046,69.23312039
2015-10-04,1545.79,1548.46,1537.68,1543.81,107034.8359,69.23312039
2015-10-05,1543.81,1553.0,1535.05,1546.11,146435.2347,64.38637170000001
2015-10-06,1546.49,1610.0,1545.26,1594.73,184326.1558,64.38637170000001
2015-10-07,1594.73,1603.91,1583.24,1589.2,171737.2355,46.25511253
2015-10-08,1589.2,1593.45,1562.88,1568.78,176614.0067,46.25511253
2015-10-09,1568.77,1575.37,1558.97,1572.2,154663.6073,48.75847973
2015-10-10,1572.2,1578.89,1562.29,1572.78,125999.7251,48.75847973
2015-10-11,1572.78,1578.14,1572.47,1576.3,92515.1291,91.19138606
2015-10-12,1576.3,1597.34,1576.27,1579.62,175123.0422,91.19138606
2015-10-13,1579.61,1630.0,1566.69,1618.9,237812.8711,50.51585337
2015-10-14,1619.07,1634.99,1610.0,1632.23,382219.8019,50.51585337
2015-10-15,1632.23,1668.94,1631.0,1651.59,431661.1229,40.21916793
2015-10-16,1651.56,1731.74,1642.6,1723.89,515762.492,40.21916793
2015-10-17,1723.5,1835.02,1705.0,1814.74,417150.3355,42.02278424
2015-10-18,1814.74,1817.0,1706.06,1720.73,108483.7548,42.02278424
2015-10-19,1720.36,1753.92,1710.0,1731.39,172718.5757,48.82273915
2015-10-20,1731.39,1758.06,1722.0,1749.5,749040.2212,48.82273915
2015-10-21,1749.5,1768.98,1708.0,1733.29,309370.916,47.17239466
2015-10-22,1733.08,1796.46,1725.35,1776.39,243126.7588,47.17239466
2015-10-23,1776.41,1820.0,1770.0,1789.3,140721.1249,49.48263083
2015-10-24,1789.29,1832.0,1783.9,1823.34,207930.3311,49.48263083
2015-10-25,1823.33,1948.0,1813.01,1927.98,440273.5644,47.14410979
2015-10-26,1927.94,1930.0,1836.01,1853.06,317414.0033,47.14410979
2015-10-27,1853.13,1947.97,1841.11,1923.0,375114.1867,39.76894553
2015-10-28,1922.95,2013.99,1913.0,1999.49,457534.6696,39.76894553
2015-10-29,1999.22,2077.0,1949.0,2067.5,794695.2175,30.76652148
2015-10-30,2067.5,2315.1,2043.0,2160.37,946002.8326,30.76652148
2015-10-31,2160.37,2270.0,2125.02,2182.6,817753.9696,37.68851555
2015-11-01,2182.6,2207.0,2125.0,2158.07,534704.8105,37.68851555
2015-11-02,2158.05,2276.0,2135.0,2248.67,659507.1541,32.042186699999995
2015-11-03,2248.72,2588.0,2240.0,2560.11,912406.683,32.042186699999995
2015-11-04,2561.01,3345.9,2560.35,3229.99,723838.2155,19.2870245
2015-11-05,3229.97,3330.0,2550.0,2589.59,640004.334,19.2870245
2015-11-06,2589.63,2757.08,2338.86,2559.67,496974.1232,26.63630308
2015-11-07,2559.63,2649.0,2401.0,2537.35,366059.4458,26.63630308
2015-11-08,2537.35,2605.0,2515.39,2560.25,177131.2798,44.85817773
2015-11-09,2560.25,2572.05,2400.0,2532.09,361611.3279,44.85817773
2015-11-10,2532.08,2532.48,2245.0,2256.06,444074.2347,33.50360639
2015-11-11,2256.93,2320.0,1815.0,1972.92,470028.4577,33.50360639
2015-11-12,1972.92,2249.99,1920.0,2111.83,461468.066,29.06810203
2015-11-13,2112.64,2210.0,2070.0,2125.38,362901.8399,29.06810203
2015-11-14,2125.38,2186.0,2099.86,2125.2,262722.4756,35.41713059
2015-11-15,2125.56,2158.0,1985.0,2039.21,189220.2306,35.41713059
2015-11-16,2039.21,2080.0,2020.0,2049.11,153756.9729,35.19262892
2015-11-17,2049.11,2164.77,2044.54,2121.79,193238.1216,35.19262892
2015-11-18,2121.79,2145.0,2101.99,2124.99,138694.0418,33.41965174
2015-11-19,2124.99,2154.3,2065.0,2084.55,148836.0668,33.41965174
2015-11-20,2084.56,2098.0,2000.0,2069.67,203014.7672,40.65399573
2015-11-21,2069.74,2119.87,2055.04,2084.27,187096.1145,40.65399573
2015-11-22,2084.27,2110.0,2056.22,2075.5,148608.3862,63.7858696
2015-11-23,2075.08,2091.0,2060.0,2077.47,166485.3398,63.7858696
2015-11-24,2077.47,2082.79,2023.0,2061.91,224467.4994,52.29123019
2015-11-25,2061.91,2110.0,2030.0,2089.45,697159.4348,52.29123019
2015-11-26,2089.45,2380.0,2084.0,2224.0,1727241.0259999998,33.0107745
2015-11-27,2224.0,2365.0,2161.97,2290.11,1098423.144,33.0107745
2015-11-28,2290.22,2336.58,2276.25,2291.4,775370.2644,47.70799527
2015-11-29,2291.5,2375.0,2290.0,2351.77,996966.2201,47.70799527
2015-11-30,2351.77,2489.0,2345.11,2458.0,1646371.2030000002,37.12597815
2015-12-01,2458.2,2485.0,2267.44,2344.1,1112063.668,37.12597815
2015-12-02,2344.1,2355.0,2233.0,2323.59,1552123.5180000002,30.04730037
2015-12-03,2323.59,2420.0,2311.0,2339.53,1458356.6469999999,30.04730037
2015-12-04,2339.85,2366.0,2286.0,2343.78,1315939.445,42.86138146
2015-12-05,2343.2,2517.0,2335.01,2482.58,1683640.341,42.86138146
2015-12-06,2482.58,2673.0,2470.0,2610.0,1922676.531,28.48350525
2015-12-07,2610.0,2652.0,2538.0,2602.99,1536777.215,28.48350525
2015-12-08,2602.99,2611.75,2560.8,2587.21,1025028.2579999999,34.85575231
2015-12-09,2587.35,2785.45,2580.52,2726.94,1616434.759,34.85575231
2015-12-10,2726.94,2777.0,2685.11,2730.9,1540377.735,33.01203131
2015-12-11,2731.0,2892.62,2725.0,2869.3,1441483.852,33.01203131
2015-12-12,2869.03,3132.58,2655.0,2783.57,2129503.4480000003,35.14302769
2015-12-13,2783.72,2933.2,2778.0,2889.95,1791719.43,35.14302769
2015-12-14,2889.68,2978.0,2850.0,2938.93,1562725.5969999998,37.03316795
2015-12-15,2938.93,3050.0,2936.0,3042.97,1513874.459,37.03316795
2015-12-16,3042.51,3104.89,2869.0,3031.51,1627742.2040000001,34.60413792
2015-12-17,3031.51,3049.0,2968.0,3029.72,1381027.628,34.60413792
2015-12-18,3029.42,3099.0,3010.0,3053.21,1078461.244,37.82760338
2015-12-19,3053.14,3095.0,3048.0,3074.28,923710.3199,37.82760338
2015-12-20,3074.28,3076.0,3000.0,3032.45,909879.5308,47.36969211
2015-12-21,3032.45,3032.89,2801.01,2862.96,1477135.165,47.36969211
2015-12-22,2862.0,2945.0,2861.0,2903.32,1397660.878,31.90734673
2015-12-23,2903.32,2939.49,2888.74,2915.03,1105205.313,31.90734673
2015-12-24,2915.03,3030.0,2911.0,2995.12,1379220.466,36.14143552
2015-12-25,2995.11,3029.0,2981.0,3004.0,1031731.627,36.14143552
2015-12-26,3004.0,3024.5,2611.0,2698.96,1679212.6469999999,47.90446669
2015-12-27,2698.96,2735.6,2552.68,2675.72,1777195.0669999998,47.90446669
2015-12-28,2675.41,2779.0,2660.0,2753.77,1451672.043,60.19803594
2015-12-29,2753.77,2827.0,2717.01,2812.31,1283141.612,60.19803594
2015-12-30,2812.31,2853.43,2742.69,2774.36,1052402.562,64.35400223
2015-12-31,2774.36,2797.0,2713.3,2759.23,1301855.716,64.35400223
2016-01-01,2759.23,2888.99,2756.01,2834.97,1446536.106,115.8218338
2016-01-02,2834.93,2868.0,2825.98,2836.73,996382.6207,115.8218338
2016-01-03,2836.93,2865.43,2800.0,2811.29,774397.1993,124.23801950000001
2016-01-04,2811.65,2858.0,2760.0,2845.05,1168157.844,124.23801950000001
2016-01-05,2845.05,2855.0,2811.0,2837.16,1035928.33,71.97314147
2016-01-06,2837.16,2838.41,2771.0,2826.2,939120.1741,71.97314147
2016-01-07,2826.21,3019.99,2806.0,2989.28,1558449.195,53.56229764
2016-01-08,2989.28,3073.99,2970.01,3004.43,1514018.344,53.56229764
2016-01-09,3004.43,3020.0,2934.48,2970.35,1060921.64,96.35328369
2016-01-10,2970.35,2987.0,2885.0,2906.31,1409863.332,96.35328369
2016-01-11,2906.86,2970.0,2902.91,2942.8,1007471.949,63.0776174
2016-01-12,2942.61,2964.13,2921.27,2935.37,923988.3156,63.0776174
2016-01-13,2935.37,2943.0,2721.45,2818.9,1609210.549,60.30438256
2016-01-14,2818.91,2850.0,2803.59,2830.49,1184691.258,60.30438256
2016-01-15,2830.4,2840.0,2593.0,2647.41,1712479.369,46.31599745
2016-01-16,2647.41,2668.32,2351.0,2447.0,2258824.337,46.31599745
2016-01-17,2446.88,2598.0,2416.09,2569.0,1913631.256,83.79981747
2016-01-18,2569.0,2585.0,2503.0,2564.55,1748391.131,83.79981747
2016-01-19,2564.55,2575.0,2537.0,2545.01,1388139.031,66.26722184
2016-01-20,2545.01,2794.99,2500.0,2757.93,1832081.009,66.26722184
2016-01-21,2758.0,2878.74,2731.11,2777.06,1788822.264,45.56219804
2016-01-22,2777.71,2778.94,2603.58,2628.99,1937766.1430000002,45.56219804
2016-01-23,2628.36,2630.99,2500.0,2548.84,1860794.1090000002,53.766453299999995
2016-01-24,2548.8,2698.0,2548.07,2676.72,1690585.2980000002,53.766453299999995
2016-01-25,2677.0,2715.0,2640.0,2652.51,1573125.169,32.57828324
2016-01-26,2652.2,2657.98,2582.73,2610.83,1426530.041,32.57828324
2016-01-27,2610.84,2647.0,2589.0,2622.28,1311821.537,44.32602462
2016-01-28,2622.28,2636.85,2506.01,2543.9,1469762.89,44.32602462
2016-01-29,2543.76,2580.0,2416.55,2538.79,1664322.279,38.83074265
2016-01-30,2538.74,2564.09,2505.0,2534.8,1060209.2959999999,38.83074265
2016-01-31,2534.8,2550.0,2510.0,2527.69,1102727.8490000002,74.94383727
2016-02-01,2527.55,2548.03,2446.6,2518.37,1174121.765,74.94383727
2016-02-02,2518.37,2529.0,2488.0,2514.2,810525.5976,39.15804674
2016-02-03,2514.26,2528.0,2464.88,2487.8,796743.7246,39.15804674
2016-02-04,2487.8,2588.0,2465.0,2568.5,1099220.906,48.22985252
2016-02-05,2568.5,2628.0,2558.0,2603.49,1435727.669,48.22985252
2016-02-06,2603.67,2610.0,2523.59,2535.57,1140541.426,46.82951807
2016-02-07,2535.57,2577.0,2515.0,2544.87,640347.4022,46.82951807
2016-02-08,2544.81,2556.0,2531.25,2546.5,385744.0803,61.15680156
2016-02-09,2546.5,2564.99,2533.0,2548.77,569468.0164,61.15680156
2016-02-10,2548.74,2626.0,2539.8,2601.89,901760.3418,44.33169624
2016-02-11,2601.15,2607.93,2572.0,2581.01,754611.5577,44.33169624
2016-02-12,2581.0,2619.99,2563.3,2602.21,707046.5568,48.95562603
2016-02-13,2602.21,2648.21,2592.0,2626.63,848344.7458,48.95562603
2016-02-14,2626.63,2735.0,2622.88,2715.29,1244889.675,58.35080723
2016-02-15,2715.29,2796.9,2710.0,2725.78,1607820.754,58.35080723
2016-02-16,2725.78,2758.0,2703.31,2741.87,1379924.3869999999,41.20153723
2016-02-17,2741.87,2826.78,2728.7,2801.0,1388318.49,41.20153723
2016-02-18,2800.99,2849.0,2782.0,2792.49,1392000.267,42.29755034
2016-02-19,2792.49,2828.0,2782.0,2810.0,1310088.3190000001,42.29755034
2016-02-20,2810.0,2908.0,2796.37,2880.08,1272477.663,44.06721863
2016-02-21,2880.53,2995.8,2842.0,2879.01,1583608.843,44.06721863
2016-02-22,2879.97,2939.0,2878.14,2914.48,1228493.112,46.98281106
2016-02-23,2914.26,2925.0,2770.0,2802.14,1169877.8,46.98281106
2016-02-24,2802.0,2823.0,2730.0,2818.17,1538375.746,46.0587278
2016-02-25,2818.6,2838.0,2768.0,2802.97,1541643.624,46.0587278
2016-02-26,2802.97,2835.0,2783.0,2822.23,1176719.533,45.30566877
2016-02-27,2822.22,2884.6,2813.93,2863.49,743182.8027,45.30566877
2016-02-28,2863.44,2908.0,2788.0,2883.79,1087891.96,45.17652755
2016-02-29,2883.26,2954.0,2863.0,2908.9,2036655.007,45.17652755
2016-03-01,2908.96,2938.0,2860.0,2883.22,2636300.404,29.58010899
2016-03-02,2883.13,2915.0,2851.3,2872.0,2248105.796,29.58010899
2016-03-03,2872.0,2877.0,2770.0,2798.93,2887111.459,29.72516862
2016-03-04,2798.8,2813.0,2761.0,2783.21,2400423.691,29.72516862
2016-03-05,2783.08,2783.79,2636.0,2637.0,3244158.062,30.61679032
2016-03-06,2636.41,2736.68,2615.0,2733.86,3536245.623,30.61679032
2016-03-07,2733.77,2765.22,2703.0,2730.38,2784791.6560000004,49.2682869
2016-03-08,2730.61,2765.0,2714.0,2730.77,2467063.849,49.2682869
2016-03-09,2730.69,2738.0,2712.0,2726.69,2116002.642,55.22496139
2016-03-10,2726.69,2750.0,2721.0,2740.5,1998083.096,55.22496139
2016-03-11,2740.49,2803.0,2733.77,2779.62,2225428.179,46.7713437
2016-03-12,2779.62,2788.0,2703.0,2705.0,2730726.425,46.7713437
2016-03-13,2705.0,2743.99,2691.46,2710.26,2546134.309,89.4753063
2016-03-14,2710.28,2741.7,2708.03,2725.98,2296195.838,89.4753063
2016-03-15,2725.96,2755.0,2719.0,2727.67,2189753.12,53.99524172
2016-03-16,2727.67,2755.0,2723.03,2737.68,2246289.131,53.99524172
2016-03-17,2737.63,2756.0,2732.51,2741.88,1605597.583,55.67669082
2016-03-18,2741.88,2746.44,2635.0,2654.02,2351048.68,55.67669082
2016-03-19,2654.02,2664.8,2620.78,2643.35,2387431.627,66.88702823
2016-03-20,2643.27,2687.0,2621.0,2670.61,2058202.275,66.88702823
2016-03-21,2670.52,2688.0,2652.0,2680.99,2131641.312,65.82664731
2016-03-22,2680.99,2739.0,2677.01,2724.73,2238428.026,65.82664731
2016-03-23,2724.74,2748.0,2720.14,2736.45,2143650.131,57.76247465
2016-03-24,2736.3,2745.0,2704.05,2725.82,2178228.025,57.76247465
2016-03-25,2725.84,2737.27,2710.0,2731.68,2340927.753,48.32244628
2016-03-26,2731.6,2742.0,2722.0,2726.43,1821759.582,48.32244628
2016-03-27,2726.2,2799.0,2724.3,2794.7,1874421.9630000002,56.85349398
2016-03-28,2794.92,2817.8,2767.1,2781.33,2773916.1319999998,56.85349398
2016-03-29,2781.33,2795.0,2650.0,2692.14,2879752.33,54.25342516
2016-03-30,2692.14,2715.0,2656.0,2677.98,2849769.0889999997,54.25342516
2016-03-31,2677.98,2712.0,2676.62,2698.88,1347071.785,52.27222679
2016-04-01,2698.92,2706.5,2676.0,2695.52,459889.9362,52.27222679
2016-04-02,2695.26,2743.2,2690.0,2721.27,610778.2370000001,66.49693188
2016-04-03,2721.29,2733.5,2712.0,2728.33,434688.7549,66.49693188
2016-04-04,2728.23,2734.0,2715.35,2723.5,502648.4097,57.78940447
2016-04-05,2723.5,2753.21,2721.1,2739.16,579074.6865,57.78940447
2016-04-06,2739.16,2754.98,2737.86,2743.07,502934.2679,42.80593817
2016-04-07,2743.14,2747.89,2716.0,2729.29,580828.4353,42.80593817
2016-04-08,2729.28,2753.5,2726.88,2745.66,535558.3793,52.63964081
2016-04-09,2745.6,2746.0,2655.0,2700.0,1108574.0,52.63964081
2016-04-10,2700.02,2733.11,2694.0,2725.04,472158.2173,77.23374522
2016-04-11,2725.04,2745.0,2711.01,2734.03,708928.4394,77.23374522
2016-04-12,2734.03,2778.0,2732.92,2762.55,1040985.5040000001,45.18316211
2016-04-13,2762.55,2769.8,2736.63,2754.49,1007042.583,45.18316211
2016-04-14,2754.49,2764.5,2748.0,2759.2,590101.4733,56.21475268
2016-04-15,2759.2,2796.0,2753.06,2785.2,794824.5267,56.21475268
2016-04-16,2785.2,2815.0,2775.0,2794.59,797855.5085,76.95608776
2016-04-17,2794.58,2802.0,2772.01,2777.74,546303.2638,76.95608776
2016-04-18,2777.71,2794.25,2768.22,2780.76,566916.0263,62.96747472
2016-04-19,2780.76,2800.0,2778.0,2789.29,520198.9683,62.96747472
2016-04-20,2789.29,2848.0,2788.01,2846.56,947077.3031,49.40382234
2016-04-21,2846.56,2894.0,2841.0,2878.2,1258385.4740000002,49.40382234
2016-04-22,2878.2,2928.1,2865.0,2887.88,1386157.0680000002,46.97329773
2016-04-23,2887.95,2918.0,2876.0,2899.0,841228.1388,46.97329773
2016-04-24,2898.91,2968.88,2896.42,2932.37,1466781.791,64.32304344
2016-04-25,2932.37,2993.2,2930.12,2976.67,1586057.861,64.32304344
2016-04-26,2976.67,3028.0,2973.0,3014.6,1416472.2769999998,42.52164634
2016-04-27,3014.6,3030.0,2857.0,2946.41,1397930.477,42.52164634
2016-04-28,2946.41,2952.36,2779.9,2887.14,1486494.9419999998,40.57455587
2016-04-29,2887.23,2918.22,2865.19,2907.23,750459.3682,40.57455587
2016-04-30,2907.28,2942.0,2906.5,2918.99,313538.3813,56.94069123
2016-05-01,2918.99,2930.0,2880.02,2917.01,612225.3547,56.94069123
2016-05-02,2917.18,2920.0,2860.5,2878.99,552307.3481,48.02449737
2016-05-03,2878.92,2898.99,2855.0,2890.49,497874.1688,48.02449737
2016-05-04,2890.45,2917.84,2881.57,2897.61,354032.4531,35.80571208
2016-05-05,2897.61,2912.0,2882.2,2895.75,503043.099,35.80571208
2016-05-06,2895.75,2946.01,2888.0,2938.63,692237.2617,47.63905817
2016-05-07,2938.63,2988.0,2919.0,2971.9,923447.2659,47.63905817
2016-05-08,2971.9,2989.0,2949.31,2970.8,653280.2612,98.06588232
2016-05-09,2970.8,3002.83,2956.0,2994.0,612493.1912,98.06588232
2016-05-10,2994.0,3018.99,2911.0,2937.2,1092906.702,45.56729491
2016-05-11,2937.23,2964.01,2926.89,2957.57,788473.2238,45.56729491
2016-05-12,2957.57,2958.98,2925.0,2952.0,642773.2913,44.68845329
2016-05-13,2952.0,2977.12,2943.66,2972.12,468020.3589,44.68845329
2016-05-14,2972.14,2992.54,2965.0,2974.51,524620.1345,68.41804417
2016-05-15,2974.44,2990.0,2970.0,2981.24,420416.69200000004,68.41804417
2016-05-16,2981.24,3004.96,2979.66,2995.31,569367.6566,51.07720114
2016-05-17,2995.34,2995.39,2946.0,2964.93,509070.7318,51.07720114
2016-05-18,2964.96,2983.88,2962.5,2980.68,329826.2897,45.1063849
2016-05-19,2980.68,2985.0,2946.0,2953.5,450487.7668,45.1063849
2016-05-20,2953.5,2960.01,2872.0,2923.46,754941.4546,44.23615534
2016-05-21,2923.45,2938.0,2913.0,2936.12,391500.3031,44.23615534
2016-05-22,2936.15,2938.0,2924.88,2929.68,253479.4436,80.41082012
2016-05-23,2929.68,2945.0,2910.22,2937.77,410069.8332,80.41082012
2016-05-24,2937.77,2976.61,2932.26,2971.77,370219.5209,47.00981263
2016-05-25,2971.75,3005.0,2962.01,2984.0,562592.7733,47.00981263
2016-05-26,2984.0,3027.85,2978.0,3016.5,716126.9436,42.30732903
2016-05-27,3016.5,3307.0,3004.1,3279.18,1350635.7859999998,42.30732903
2016-05-28,3279.18,3585.5,3256.0,3511.84,1441161.7219999998,31.34506128
2016-05-29,3511.83,3944.3,3507.29,3772.35,1629085.1940000001,31.34506128
2016-05-30,3772.99,3988.0,3630.0,3675.0,492557.9703,35.27329842
2016-05-31,3674.76,3812.01,3550.0,3578.0,425276.7672,35.27329842
2016-06-01,3578.63,3650.0,3481.0,3591.0,470074.9246,43.38550343
2016-06-02,3591.0,3625.0,3536.0,3592.0,399669.5133,43.38550343
2016-06-03,3592.0,3744.97,3565.0,3726.92,444512.6638,54.61238228
2016-06-04,3726.92,3885.0,3723.0,3802.0,619176.2609,54.61238228
2016-06-05,3802.0,3866.0,3717.0,3816.33,590229.7173,64.08646548
2016-06-06,3816.33,3918.0,3770.0,3882.5,484391.0489,64.08646548
2016-06-07,3882.48,3939.39,3802.0,3827.34,477898.6837,43.46159994
2016-06-08,3827.7,3861.5,3742.0,3820.0,361667.2549,43.46159994
2016-06-09,3820.0,3890.0,3775.0,3824.0,287864.4967,42.58370079
2016-06-10,3824.0,3851.55,3804.0,3837.67,305976.6699,42.58370079
2016-06-11,3837.67,3905.0,3832.0,3880.0,277506.0974,57.01216178
2016-06-12,3880.21,4465.0,3870.11,4408.0,559724.6251,57.01216178
2016-06-13,4408.0,4802.0,4355.0,4597.54,759440.4389,56.85778012
2016-06-14,4597.54,4728.0,4503.0,4554.0,445144.9533,56.85778012
2016-06-15,4554.0,4663.0,4460.0,4603.44,468930.3924,46.61528662
2016-06-16,4603.49,4979.01,4588.0,4888.0,644229.3694,46.61528662
2016-06-17,4887.41,5179.99,4716.0,4932.17,749595.2513,37.5418547
2016-06-18,4932.17,5072.0,4856.2,5015.89,516389.6728,37.5418547
2016-06-19,5015.89,5165.0,4900.0,5108.84,584662.411,77.75184669
2016-06-20,5108.77,5138.0,4900.0,4961.67,476594.9427,77.75184669
2016-06-21,4961.18,4993.0,4341.48,4463.0,759935.1735,33.55844914
2016-06-22,4463.0,4586.79,4202.23,4273.92,796098.8995,33.55844914
2016-06-23,4272.2,4307.88,3480.0,3665.24,1201694.9,32.21391079
2016-06-24,3665.81,4430.0,3663.0,4227.51,1313692.0559999999,32.21391079
2016-06-25,4228.4,4563.25,4226.0,4471.38,783032.1604,67.15149438
2016-06-26,4471.38,4518.0,4000.0,4064.0,921713.125,67.15149438
2016-06-27,4064.0,4299.0,3978.0,4194.0,834183.5372,49.56566219
2016-06-28,4194.8,4380.0,4155.0,4277.01,747986.8967,49.56566219
2016-06-29,4277.9,4356.0,4153.56,4214.41,644411.7593,50.41716951
2016-06-30,4214.41,4498.0,4214.41,4450.0,718078.3898,50.41716951
2016-07-01,4450.0,4618.88,4432.7,4514.0,759418.2606,54.1628044
2016-07-02,4514.0,4709.3,4491.0,4657.41,689835.8114,54.1628044
2016-07-03,4657.41,4748.65,4313.0,4377.99,878869.4453,68.11451801
2016-07-04,4377.77,4575.0,4310.0,4508.45,839663.6786,68.11451801
2016-07-05,4508.45,4610.0,4433.0,4479.19,671938.5835,53.66408478
2016-07-06,4479.0,4612.0,4467.64,4547.75,588418.4212,53.66408478
2016-07-07,4547.75,4590.15,4210.0,4265.15,792170.2609,47.44258407
2016-07-08,4265.15,4387.88,4062.3,4357.66,750497.0615,47.44258407
2016-07-09,4357.46,4467.0,4313.0,4402.0,666448.6127,72.73557011
2016-07-10,4401.74,4438.65,4168.0,4335.22,638544.2364,72.73557011
2016-07-11,4335.45,4425.0,4303.3,4338.84,485519.3019,61.39840293
2016-07-12,4339.0,4438.0,4325.0,4430.92,380722.01,61.39840293
2016-07-13,4430.92,4525.0,4400.0,4437.9,504403.8767,55.18029299
2016-07-14,4437.9,4453.0,4367.45,4421.63,378996.5573,55.18029299
2016-07-15,4421.63,4474.0,4398.0,4450.14,353691.6489,56.07596039
2016-07-16,4450.14,4477.0,4392.1,4425.76,318524.2832,56.07596039
2016-07-17,4425.76,4476.97,4424.1,4462.0,278428.6345,66.35381435
2016-07-18,4461.92,4599.0,4461.51,4595.5,461850.3691,66.35381435
2016-07-19,4596.92,4597.0,4482.0,4510.38,365919.4272,44.82355814
2016-07-20,4510.38,4530.0,4420.0,4441.91,349058.4916,44.82355814
2016-07-21,4441.91,4464.66,4400.93,4438.85,290901.4029,75.33951729
2016-07-22,4439.34,4475.59,4340.0,4369.2,293295.4629,75.33951729
2016-07-23,4369.29,4394.74,4321.0,4377.36,301203.1719,90.00954234
2016-07-24,4377.35,4419.0,4352.11,4406.0,265920.151,90.00954234
2016-07-25,4406.37,4442.0,4368.0,4391.68,301117.3302,75.84585754
2016-07-26,4391.68,4405.0,4298.0,4342.33,263227.1644,75.84585754
2016-07-27,4342.33,4386.52,4320.0,4377.0,296763.0148,60.96940831
2016-07-28,4377.0,4415.0,4363.0,4388.26,274905.8155,60.96940831
2016-07-29,4388.04,4403.65,4345.0,4381.71,246439.2127,69.40090545
2016-07-30,4381.61,4385.0,4350.0,4370.4,152359.1997,69.40090545
2016-07-31,4370.5,4379.0,4150.0,4202.0,354814.0244,67.44167568
2016-08-01,4201.46,4212.9,4061.0,4141.0,468795.3241,67.44167568
2016-08-02,4141.0,4141.0,3970.0,4003.44,626428.2831,29.89318374
2016-08-03,4003.44,4043.45,3005.0,3622.8,1391623.696,29.89318374
2016-08-04,3622.67,3805.0,3620.0,3717.63,801369.6504,43.43439715
2016-08-05,3717.8,3787.0,3700.0,3772.47,394467.3835,43.43439715
2016-08-06,3772.49,3783.16,3720.0,3754.06,205805.1625,79.50942675
2016-08-07,3754.06,3953.89,3747.94,3931.03,510306.7308,79.50942675
2016-08-08,3931.03,3948.0,3831.01,3912.17,418634.6342,67.5585211
2016-08-09,3912.0,3935.0,3844.24,3905.06,335552.3757,67.5585211
2016-08-10,3905.06,3994.34,3871.0,3975.2,370298.0026,53.24967416
2016-08-11,3975.85,3987.0,3936.71,3952.2,292598.4595,53.24967416
2016-08-12,3952.33,3952.65,3857.67,3915.9,354428.5586,61.03097558
2016-08-13,3915.9,3932.0,3872.0,3906.67,210001.4509,61.03097558
2016-08-14,3906.67,3921.1,3790.01,3812.91,297628.4397,77.43140299
2016-08-15,3812.06,3838.0,3734.68,3751.4,327585.0675,77.43140299
2016-08-16,3751.4,3856.0,3727.17,3850.03,299176.0029,49.8937229
2016-08-17,3850.07,3875.0,3806.2,3814.88,226547.3303,49.8937229
2016-08-18,3814.97,3835.0,3785.0,3823.52,190432.8802,63.91759202
2016-08-19,3823.52,3856.57,3806.01,3825.0,203222.8931,63.91759202
2016-08-20,3825.0,3903.0,3816.0,3874.54,188694.8844,80.98203356
2016-08-21,3874.65,3917.24,3861.0,3875.24,209160.0872,80.98203356
2016-08-22,3875.28,3937.0,3868.51,3933.0,169701.5244,63.34267827
2016-08-23,3933.0,3943.0,3848.0,3849.58,261532.5133,63.34267827
2016-08-24,3849.56,3891.1,3839.0,3867.0,170141.8793,58.45630969
2016-08-25,3867.0,3869.0,3821.0,3838.3,157520.3414,58.45630969
2016-08-26,3838.3,3880.0,3835.1,3864.66,140238.423,73.85062777
2016-08-27,3864.66,3874.0,3760.0,3781.66,150994.1067,73.85062777
2016-08-28,3781.85,3840.73,3758.0,3817.59,154581.5035,110.44498109999999
2016-08-29,3817.59,3855.5,3813.1,3844.86,129173.8068,110.44498109999999
2016-08-30,3844.77,3887.0,3816.76,3860.26,175489.0736,59.92507571
2016-08-31,3860.26,3884.48,3831.0,3844.15,141908.9875,59.92507571
2016-09-01,3844.23,3865.0,3822.31,3834.02,148147.3841,56.44279559
2016-09-02,3833.9,3868.1,3813.24,3851.44,137318.8067,56.44279559
2016-09-03,3851.39,3859.0,3830.0,3842.74,105732.5725,90.38854778
2016-09-04,3842.74,4135.0,3839.23,4098.61,360743.11600000004,90.38854778
2016-09-05,4098.29,4135.5,4055.0,4079.78,295916.3659,60.97563241
2016-09-06,4079.78,4117.0,4065.02,4092.5,191500.8511,60.97563241
2016-09-07,4092.28,4112.0,4062.0,4092.57,191017.9364,68.46311725
2016-09-08,4092.8,4180.0,4077.99,4164.52,808651.0638,68.46311725
2016-09-09,4164.65,4166.98,4102.16,4128.1,695146.8732,66.67537781
2016-09-10,4128.09,4158.15,4119.97,4140.85,247444.0566,66.67537781
2016-09-11,4140.99,4166.6,4130.1,4151.88,284366.7705,96.9079074
2016-09-12,4151.85,4213.95,3908.0,4020.85,820379.1037,96.9079074
2016-09-13,4020.85,4054.25,4011.0,4044.3,344787.8158,66.76907173
2016-09-14,4044.3,4071.72,4035.0,4056.33,332977.5889,66.76907173
2016-09-15,4056.32,4062.09,4036.0,4043.12,236054.4614,78.85268994
2016-09-16,4043.12,4062.0,4015.0,4044.64,293230.2058,78.85268994
2016-09-17,4044.64,4048.5,4020.0,4034.55,246554.5607,104.0867118
2016-09-18,4034.57,4086.58,4031.0,4072.72,661477.7928,104.0867118
2016-09-19,4072.74,4092.0,4056.0,4060.0,955845.8095,71.83096417
2016-09-20,4060.0,4070.48,4051.0,4057.65,624204.2822,71.83096417
2016-09-21,4057.65,4065.0,3890.0,3971.39,994612.6847,62.29316233
2016-09-22,3971.5,3988.63,3960.51,3976.17,687026.9368,62.29316233
2016-09-23,3976.13,4019.0,3962.81,4014.22,929610.3984,66.61066675
2016-09-24,4014.24,4028.24,3988.06,4006.5,921341.6719,66.61066675
2016-09-25,4006.39,4020.0,3972.0,3982.05,593457.2988,62.08334916
2016-09-26,3982.0,4060.37,3977.0,4039.29,1294642.729,62.08334916
2016-09-27,4039.28,4055.0,4017.0,4039.91,959579.4155,65.08823503
2016-09-28,4039.84,4076.03,4015.0,4040.17,835610.2194,65.08823503
2016-09-29,4040.12,4054.0,4023.5,4041.99,879313.2297,62.49438181
2016-09-30,4041.88,4050.0,4032.18,4043.65,663659.6203,62.49438181
2016-10-01,4043.65,4115.42,4040.3,4108.69,1156629.0420000001,94.11658687
2016-10-02,4108.69,4111.0,4075.0,4079.59,781177.449,94.11658687
2016-10-03,4079.59,4098.56,4078.36,4087.11,476285.0134,63.59966628
2016-10-04,4087.11,4092.0,4055.0,4078.6,499425.4,63.59966628
2016-10-05,4078.67,4105.0,4064.34,4097.09,497942.2473,65.41538264
2016-10-06,4097.09,4105.99,4086.68,4094.44,496064.0095,65.41538264
2016-10-07,4094.44,4134.32,4088.06,4122.95,676813.1592,68.57193874
2016-10-08,4122.99,4141.41,4113.9,4119.67,435318.3094,68.57193874
2016-10-09,4119.79,4128.97,4097.0,4115.55,592764.4032,82.72369862
2016-10-10,4115.55,4162.0,4104.5,4131.6,794818.2390000001,82.72369862
2016-10-11,4131.43,4330.0,4131.35,4289.0,1477316.404,52.3587516
2016-10-12,4288.9,4366.0,4285.1,4311.13,1696412.041,52.3587516
2016-10-13,4311.22,4325.0,4286.23,4310.97,1314927.3159999999,61.27278195
2016-10-14,4310.93,4343.43,4286.15,4316.33,936073.9683,61.27278195
2016-10-15,4316.34,4340.0,4314.0,4327.45,762084.0832,78.60349735
2016-10-16,4327.44,4364.0,4295.0,4335.5,782025.9793,78.60349735
2016-10-17,4335.5,4350.0,4325.1,4334.82,533630.9684,62.54652058
2016-10-18,4334.82,4346.96,4316.0,4329.33,996626.5783,62.54652058
2016-10-19,4329.48,4333.99,4222.2,4238.8,1228297.882,65.14319996
2016-10-20,4238.72,4272.55,4228.0,4259.25,989994.7981,65.14319996
2016-10-21,4259.45,4295.0,4247.55,4288.37,672675.0054,63.986327
2016-10-22,4288.31,4555.0,4286.86,4496.68,1675217.574,63.986327
2016-10-23,4496.72,4575.0,4471.0,4516.39,2169418.797,100.5263592
2016-10-24,4516.53,4520.0,4455.08,4482.21,1799793.256,100.5263592
2016-10-25,4482.3,4536.0,4465.0,4518.66,1156616.972,53.60526348
2016-10-26,4518.77,4620.0,4465.0,4588.04,2204220.437,53.60526348
2016-10-27,4588.04,4745.0,4573.0,4691.0,2969574.038,38.60389268
2016-10-28,4690.99,4739.13,4673.0,4710.0,2040791.4119999998,38.60389268
2016-10-29,4709.98,4919.96,4689.1,4861.62,2694575.858,68.27007537
2016-10-30,4861.61,4956.0,4730.38,4879.0,3090091.8619999997,68.27007537
2016-10-31,4879.0,4888.0,4691.31,4856.23,2858493.377,54.26314936
2016-11-01,4856.04,5065.0,4801.3,5008.41,2737602.0330000003,54.26314936
2016-11-02,5008.41,5050.0,4930.0,4965.71,1360062.68,69.84226469
2016-11-03,4965.95,5150.0,4810.0,4885.73,4537356.924,69.84226469
2016-11-04,4885.73,4910.0,4531.0,4671.34,2112547.491,56.96320184
2016-11-05,4671.34,4775.0,4610.0,4722.61,957208.3405,56.96320184
2016-11-06,4722.83,4845.0,4705.95,4740.53,1087539.117,67.47736609
2016-11-07,4740.9,4831.0,4713.2,4775.05,1417898.9630000002,67.47736609
2016-11-08,4775.05,4878.0,4750.49,4828.23,1174329.408,54.26160808
2016-11-09,4828.65,4993.0,4823.0,4926.0,1813210.061,54.26160808
2016-11-10,4925.99,4962.03,4865.0,4883.14,1254275.368,60.88474506
2016-11-11,4882.86,4946.79,4874.0,4888.04,1165681.666,60.88474506
2016-11-12,4888.29,4933.0,4820.1,4844.0,3196900.526,94.16902468
2016-11-13,4844.0,4861.5,4662.25,4770.66,1603846.177,94.16902468
2016-11-14,4770.65,4871.43,4770.03,4845.65,1411682.851,67.05135123
2016-11-15,4845.65,4948.0,4810.0,4928.74,2718468.341,67.05135123
2016-11-16,4928.6,5250.0,4916.0,5199.46,5017735.933,43.71949737
2016-11-17,5199.46,5424.59,5160.0,5319.36,2946319.492,43.71949737
2016-11-18,5319.36,5359.0,5202.02,5273.91,1658778.9540000001,60.29962632
2016-11-19,5273.92,5400.0,5210.74,5293.38,1289591.488,60.29962632
2016-11-20,5293.53,5357.78,5070.0,5124.99,1672292.632,90.86520529
2016-11-21,5124.99,5177.0,5003.0,5159.57,1879468.291,90.86520529
2016-11-22,5159.57,5340.0,5146.0,5297.64,1297946.322,53.63138889
2016-11-23,5297.84,5376.99,5188.0,5224.71,1617423.726,53.63138889
2016-11-24,5224.71,5270.0,5120.0,5138.01,1608687.729,46.70090601
2016-11-25,5138.13,5214.64,5110.7,5155.0,1101153.639,46.70090601
2016-11-26,5155.0,5212.6,5080.0,5112.01,901383.2674,63.99818125
2016-11-27,5112.03,5219.0,5106.01,5184.29,965516.6064,63.99818125
2016-11-28,5184.17,5220.0,5128.3,5185.99,786230.4837,58.97800633
2016-11-29,5185.99,5196.45,5138.0,5175.0,509380.2692,58.97800633
2016-11-30,5175.0,5280.0,5140.0,5232.39,1536776.709,58.02825117
2016-12-01,5232.4,5357.78,5227.0,5348.27,3336548.847,58.02825117
2016-12-02,5348.18,5530.0,5318.0,5438.47,598451.5067,53.80907598
2016-12-03,5438.47,5469.16,5355.0,5381.67,424361.3635,53.80907598
2016-12-04,5381.66,5448.84,5358.0,5420.64,1441379.582,121.9032969
2016-12-05,5420.55,5480.0,5236.97,5309.0,1622507.701,121.9032969
2016-12-06,5309.0,5342.0,5251.04,5317.01,1247464.831,55.2351838
2016-12-07,5317.01,5345.67,5275.46,5322.41,897399.8819,55.2351838
2016-12-08,5322.23,5398.0,5303.0,5372.0,931207.6599,56.52119143
2016-12-09,5372.0,5396.6,5328.01,5365.08,930350.543,56.52119143
2016-12-10,5365.08,5426.8,5350.01,5412.48,3741926.001,82.96756998
2016-12-11,5412.48,5428.0,5318.0,5352.7,3141819.751,82.96756998
2016-12-12,5352.73,5483.92,5343.5,5462.56,2832163.752,58.04868677
2016-12-13,5462.56,5534.9,5350.0,5454.34,1015188.068,58.04868677
2016-12-14,5454.45,5475.0,5370.01,5399.58,717747.3997,58.69059434
2016-12-15,5399.42,5467.78,5390.1,5448.02,688010.6619,58.69059434
2016-12-16,5448.02,5520.0,5425.69,5490.97,865714.1775,52.22111737
2016-12-17,5490.8,5608.53,5490.0,5564.69,861713.051,52.22111737
2016-12-18,5564.69,5604.0,5538.42,5545.57,654426.557,81.4036792
2016-12-19,5545.69,5595.0,5540.0,5570.91,528402.431,81.4036792
2016-12-20,5570.82,5588.0,5558.0,5577.02,674950.1703,52.06301642
2016-12-21,5577.04,5874.0,5574.04,5864.03,2126420.838,52.06301642
2016-12-22,5864.03,6179.78,5818.01,6124.55,5013089.251,41.72634582
2016-12-23,6124.85,6468.3,6050.0,6363.55,2546398.031,41.72634582
2016-12-24,6363.24,6596.96,6250.0,6373.03,2359713.461,71.70903670000001
2016-12-25,6373.46,6479.82,6170.0,6290.0,1962840.236,71.70903670000001
2016-12-26,6289.4,6549.0,6260.0,6480.79,2274695.208,59.49975664
2016-12-27,6480.84,6735.69,6436.0,6688.67,2028129.552,59.49975664
2016-12-28,6688.67,6946.7,6650.0,6766.73,1755201.74,48.08123425
2016-12-29,6766.66,6990.0,6741.0,6856.66,1654647.374,48.08123425
2016-12-30,6856.76,6930.0,6608.0,6823.98,1846829.5359999998,48.4915105
2016-12-31,6823.94,6875.0,6666.2,6788.87,1654759.149,48.4915105
2017-01-01,6788.87,6948.96,6777.0,6946.0,1251959.902,94.56028946
2017-01-02,6945.37,7399.0,6935.02,7396.0,2045058.4309999999,94.56028946
2017-01-03,7397.16,7489.0,7301.92,7366.7,2014888.606,48.73673589
2017-01-04,7366.7,7990.0,7348.01,7887.53,2289299.861,48.73673589
2017-01-05,7887.61,8895.0,6000.0,6910.0,3752035.3660000004,30.54020937
2017-01-06,6910.0,7372.57,5555.0,6344.0,4345814.985,30.54020937
2017-01-07,6344.0,6480.0,5650.0,6217.0,3108068.43,46.760689
2017-01-08,6217.0,6615.0,6110.0,6325.0,2035117.612,46.760689
2017-01-09,6325.0,6380.0,6029.0,6302.86,1429807.575,54.08881442
2017-01-10,6302.73,6445.28,6168.0,6297.12,1151889.375,54.08881442
2017-01-11,6297.12,6450.0,5155.0,5412.32,1685198.9540000001,32.46305094
2017-01-12,5412.04,5549.99,4902.02,5352.3,1676197.062,32.46305094
2017-01-13,5352.0,5599.0,5188.0,5548.71,837218.9686,51.88758444
2017-01-14,5548.71,5759.75,5546.01,5688.0,677032.7688,51.88758444
2017-01-15,5688.0,5719.99,5455.79,5551.07,383809.9442,83.11303326
2017-01-16,5551.44,5733.0,5481.02,5685.87,254423.6007,83.11303326
2017-01-17,5685.37,6200.0,5632.92,6047.86,359623.0436,49.84368704
2017-01-18,6048.96,6334.0,5731.0,5897.88,466802.4541,49.84368704
2017-01-19,5898.11,6166.0,5835.0,6125.3,311494.7698,61.83275523
2017-01-20,6125.23,6245.0,6024.17,6141.15,245631.4716,61.83275523
2017-01-21,6141.61,6460.0,6111.82,6389.59,264403.4662,72.27950802
2017-01-22,6389.48,6546.0,6100.0,6232.51,286116.6285,72.27950802
2017-01-23,6231.55,6450.0,6230.0,6387.98,189980.3633,74.91888695
2017-01-24,6389.16,6413.06,6159.9,6287.5,92698.09800000001,74.91888695
2017-01-25,6287.5,6362.0,6158.5,6218.01,14348.7084,52.9581613
2017-01-26,6215.01,6350.0,6178.23,6336.99,9983.7581,52.9581613
2017-01-27,6336.99,6396.0,6300.0,6365.41,9623.0008,85.58423590000001
2017-01-28,6365.41,6378.0,6338.0,6362.01,4497.928,85.58423590000001
2017-01-29,6362.01,6370.0,6342.0,6355.24,3528.9102,112.4850221
2017-01-30,6355.24,6375.99,6340.0,6365.91,4315.1536,112.4850221
2017-01-31,6365.91,6645.03,6319.0,6619.17,11511.5586,70.84640314
2017-02-01,6619.17,6925.0,6592.0,6794.94,14842.1093,70.84640314
2017-02-02,6794.94,6884.87,6770.0,6873.52,7777.6245,78.14578565
2017-02-03,6873.52,7196.52,6868.52,7140.25,18705.6516,78.14578565
2017-02-04,7140.25,7188.0,6969.99,7110.0,10703.4195,75.80682309999999
2017-02-05,7109.88,7301.0,7097.5,7194.71,10720.541000000001,75.80682309999999
2017-02-06,7194.68,7300.0,7150.0,7239.0,9609.8877,75.51072413
2017-02-07,7239.0,7438.0,7219.0,7375.5,11977.632,75.51072413
2017-02-08,7375.5,7525.01,7160.0,7366.99,16431.6658,63.05071971
2017-02-09,7366.99,7630.0,6480.0,6820.0,40304.5997,63.05071971
2017-02-10,6821.0,6969.0,6350.0,6605.35,17843.2642,54.46457852
2017-02-11,6605.35,6899.0,6555.01,6858.0,7709.1984,54.46457852
2017-02-12,6858.0,6885.0,6775.01,6836.25,3028.5262,137.8413365
2017-02-13,6836.25,6870.0,6580.0,6706.0,4802.116,137.8413365
2017-02-14,6706.0,6860.0,6600.0,6750.0,5654.1446,71.15268048
2017-02-15,6750.0,6800.0,6705.0,6733.0,2136.4773,71.15268048
2017-02-16,6734.0,6825.0,6720.31,6778.87,2731.5197,77.28767184
2017-02-17,6794.0,7044.04,6768.84,7009.09,7591.3791,77.28767184
2017-02-18,7007.0,7194.77,7000.0,7178.0,4304.5405,96.44515969
2017-02-19,7192.03,7200.0,7026.0,7115.86,2884.4465,96.44515969
2017-02-20,7115.86,7171.0,7021.0,7140.0,2308.8531,91.0025097
2017-02-21,7140.8,7388.0,7133.11,7340.0,7412.7679,91.0025097
2017-02-22,7340.0,7460.0,7328.0,7436.97,3972.3357,81.60197776
2017-02-23,7430.0,7578.99,7370.0,7561.95,4698.1779,81.60197776
2017-02-24,7557.0,8000.0,7300.0,7833.0,16708.0515,50.60344454
2017-02-25,7832.0,7878.0,7538.0,7590.05,4585.5773,50.60344454
2017-02-26,7590.05,7735.0,7390.0,7677.62,5109.9469,95.82259262
2017-02-27,7680.0,7842.91,7655.2,7720.09,5892.5521,95.82259262
2017-02-28,7735.0,7879.0,7600.0,7781.0,5960.3595,75.52349249
2017-03-01,7785.0,7945.0,7755.03,7896.0,5186.7268,75.52349249
2017-03-02,7896.0,8056.0,7885.0,8021.19,6475.113,46.93552056
2017-03-03,8021.0,8360.03,7940.0,8328.31,10242.0332,46.93552056
2017-03-04,8319.58,8420.0,8155.45,8267.52,5020.8145,79.51745402
2017-03-05,8267.25,8320.0,8001.0,8273.0,4817.0070000000005,79.51745402
2017-03-06,8273.17,8350.0,8178.0,8259.66,2811.7275,70.82085457
2017-03-07,8260.0,8268.0,7717.0,7917.0,8770.8109,70.82085457
2017-03-08,7917.0,8068.4,7588.0,7762.0,9929.1808,62.22119289
2017-03-09,7761.61,7825.0,7530.3,7783.1,5444.5711,62.22119289
2017-03-10,7757.93,8220.0,7700.0,8062.0,8646.5352,59.01069413
2017-03-11,8062.03,8200.0,7353.3,7802.5,11735.5128,59.01069413
2017-03-12,7803.3,7950.0,7731.22,7920.83,2650.1625,92.94534851
2017-03-13,7929.45,8119.0,7875.0,7900.03,5606.6819,92.94534851
2017-03-14,7915.65,8023.57,7882.0,7970.0,2466.6052,59.27964032
2017-03-15,7970.29,8000.0,7913.81,7979.16,1607.5323,59.27964032
2017-03-16,7982.54,8005.0,7820.0,7901.03,3278.5708,38.31770911
2017-03-17,7903.91,7915.85,7500.0,7658.0,8097.2806,38.31770911
2017-03-18,7657.97,7688.0,6700.0,6830.61,13845.0145,42.62284641
2017-03-19,6830.61,7095.0,6701.0,7050.0,6170.6198,42.62284641
2017-03-20,7046.24,7199.0,7010.0,7150.0,3663.3855,55.85782994
2017-03-21,7150.0,7378.0,7100.0,7326.99,3740.5162,55.85782994
2017-03-22,7326.99,7476.97,6834.85,6960.24,8111.4304,43.78176942
2017-03-23,6949.56,7200.0,6890.0,7009.0,4351.0585,43.78176942
2017-03-24,7009.03,7082.03,6700.0,6743.03,4816.1645,38.59736591
2017-03-25,6735.6,6831.0,6151.0,6467.0,10207.6005,38.59736591
2017-03-26,6467.1,6849.0,6395.25,6831.03,5153.5615,68.43347418
2017-03-27,6831.03,7028.0,6640.0,6985.0,6101.5124,68.43347418
2017-03-28,6956.88,7138.0,6856.0,7055.01,4903.9377,39.70320526
2017-03-29,7069.0,7128.0,6861.0,6968.97,6036.4883,39.70320526
2017-03-30,6968.97,7055.0,6666.66,6744.97,7418.2568,49.98079824
2017-03-31,6730.0,6966.0,6635.0,6960.0,8211.9658,49.98079824
2017-04-01,6959.0,7101.0,6748.5,6902.96,8799.4277,64.32857009
2017-04-02,6925.19,6999.03,6820.0,6907.0,3062.077,64.32857009
2017-04-03,6907.03,7070.1,6868.29,6962.0,5232.2335,52.59399064
2017-04-04,6966.97,7380.0,6950.0,6974.2,8602.5165,52.59399064
2017-04-05,6990.0,7171.0,6952.13,6975.0,3754.8474,50.39659639
2017-04-06,6974.85,7118.0,6945.0,7040.0,4468.5886,50.39659639
2017-04-07,7045.82,7300.0,7045.67,7166.0,6373.5332,50.06770057
2017-04-08,7140.0,7219.0,7071.74,7105.6,1583.5498,50.06770057
2017-04-09,7102.01,7172.0,7048.0,7172.0,1753.3212,89.33001913
2017-04-10,7170.36,7300.0,7100.0,7193.49,5143.6962,89.33001913
2017-04-11,7190.03,7288.91,7170.0,7270.54,2231.7892,56.58342138
2017-04-12,7270.54,7315.96,7157.32,7158.75,3607.8908,56.58342138
2017-04-13,7165.0,7250.0,7068.0,7086.79,3286.5255,65.50661534
2017-04-14,7086.63,7164.8,6900.01,7057.25,3450.8418,65.50661534
2017-04-15,7059.24,7150.0,6998.0,7106.33,1059.5367,70.29317184
2017-04-16,7127.97,7150.0,7051.0,7092.5,910.4257,70.29317184
2017-04-17,7081.35,7130.0,7040.0,7085.1,2004.5314,57.54492493
2017-04-18,7086.1,7128.88,7049.1,7060.03,1880.6972,57.54492493
2017-04-19,7062.0,7088.0,7000.02,7020.0,1507.4249,64.89976805
2017-04-20,7020.27,7250.3,7012.0,7220.0,3287.1667,64.89976805
2017-04-21,7223.15,7495.0,7220.0,7279.78,8223.7334,62.79881303
2017-04-22,7279.78,7379.0,7200.0,7249.03,2480.1846,62.79881303
2017-04-23,7250.6,7300.0,7180.0,7190.67,2580.4935,102.1513573
2017-04-24,7195.12,7250.0,7089.97,7230.0,3113.3377,102.1513573
2017-04-25,7230.0,7350.0,7160.0,7300.74,3404.9927,53.13345791
2017-04-26,7307.96,7466.0,7290.0,7445.54,5472.3368,53.13345791
2017-04-27,7445.66,7910.0,7400.02,7803.09,10305.1587,54.36330451
2017-04-28,7803.18,8015.0,7678.1,7875.0,7682.4261,54.36330451
2017-04-29,7875.0,7960.0,7760.0,7780.0,4595.9817,60.737497899999994
2017-04-30,7789.18,7929.0,7740.0,7900.0,3377.1661,60.737497899999994
2017-05-01,7900.24,8250.0,7874.03,8139.44,8051.6528,52.22752836
2017-05-02,8143.56,8879.0,8120.0,8725.0,11162.5861,52.22752836
2017-05-03,8708.12,8785.0,8443.49,8590.0,7954.4261,51.36776237
2017-05-04,8590.0,8820.68,8325.0,8812.71,10506.7878,51.36776237
2017-05-05,8812.83,9330.83,8598.0,8918.0,22051.7725,43.69076091
2017-05-06,8918.0,8931.97,8400.0,8500.01,9086.283000000001,43.69076091
2017-05-07,8500.01,8725.0,8400.0,8413.4,5038.7973,58.90660702
2017-05-08,8413.45,9015.0,8407.89,8783.7,8040.9923,58.90660702
2017-05-09,8783.74,9750.0,8783.7,9510.01,15262.1158,36.89675823
2017-05-10,9510.01,10136.0,9480.0,9860.0,20545.3027,36.89675823
2017-05-11,9864.0,10600.9,9657.0,10500.0,14709.3857,44.79694109
2017-05-12,10550.0,10777.74,10123.23,10368.99,11294.0193,44.79694109
2017-05-13,10325.0,10458.0,9450.0,10176.0,10655.2412,65.11785355
2017-05-14,10176.0,10500.0,10000.0,10385.87,4059.2244,65.11785355
2017-05-15,10371.06,10479.0,9150.0,9459.91,13257.7706,40.70343673
2017-05-16,9459.91,10000.0,9348.01,9839.48,11040.4167,40.70343673
2017-05-17,9839.45,10540.0,9610.0,10450.0,8252.1339,31.50288709
2017-05-18,10450.0,11638.0,10430.09,11559.94,9111.4211,31.50288709
2017-05-19,11559.94,11926.0,11320.0,11698.97,7953.8357,37.32973386
2017-05-20,11697.93,12600.0,11600.0,12499.89,8081.210999999999,37.32973386
2017-05-21,12500.0,13990.0,12270.0,13199.76,17196.9104,61.31527733
2017-05-22,13198.94,14888.0,13102.0,14798.97,20782.9872,61.31527733
2017-05-23,14785.0,15296.0,14002.0,14766.0,20671.0964,36.43005572
2017-05-24,14770.0,16651.21,14400.0,16325.3,20418.7812,36.43005572
2017-05-25,16335.77,19084.0,15323.23,18810.0,27489.2183,32.27896125
2017-05-26,18810.0,18946.0,14684.44,15749.08,32360.3075,32.27896125
2017-05-27,15799.99,15999.0,12355.0,13530.03,28263.7365,50.96327731
2017-05-28,13532.03,15499.88,13532.03,14200.0,16797.6554,50.96327731
2017-05-29,14200.0,14932.0,13610.0,14327.0,8880.2494,64.84952232
2017-05-30,14325.97,15267.0,14210.0,14405.66,8667.6196,64.84952232
2017-05-31,14405.66,16100.0,13400.0,15516.0,15232.5723,43.81144567
2017-06-01,15550.0,17268.0,15441.83,16951.0,18671.9143,43.81144567
2017-06-02,16962.97,17687.97,16500.0,17308.0,12977.1518,55.11897607
2017-06-03,17305.0,17888.88,15900.0,17650.03,19148.4364,55.11897607
2017-06-04,17650.0,17950.06,17053.36,17597.97,12018.9477,65.64353655
2017-06-05,17597.97,18400.12,17400.0,18355.07,9683.2338,65.64353655
2017-06-06,18383.0,20490.0,18160.03,19726.13,21295.4926,53.27314533
2017-06-07,19716.0,20155.0,18555.0,19031.97,13187.1846,53.27314533
2017-06-08,19031.97,19380.0,17800.03,18858.66,14504.3039,56.45757055
2017-06-09,18858.66,19723.97,18717.2,19360.77,8639.7413,56.45757055
2017-06-10,19400.0,20200.0,19205.0,19998.87,9514.8897,69.46887249
2017-06-11,19999.97,20867.97,19960.0,20602.2,10994.3324,69.46887249
2017-06-12,20627.0,21019.89,18888.0,19349.0,18312.0849,51.85495413
2017-06-13,19310.0,19656.0,18000.0,19348.97,15568.8272,51.85495413
2017-06-14,19348.97,19560.0,18276.93,18837.97,9949.8777,53.24550495
2017-06-15,18833.81,18847.94,17000.0,17200.0,19637.861,53.24550495
2017-06-16,17200.04,18355.0,17199.03,17945.0,12611.8374,64.71931473
2017-06-17,17945.0,19316.13,17902.16,19266.0,19298.0097,64.71931473
2017-06-18,19300.0,19369.83,18575.87,18926.65,10870.3416,78.65048686
2017-06-19,18920.0,19190.0,18660.0,18812.1,9195.2897,78.65048686
2017-06-20,18857.97,19888.99,18719.97,19380.0,12375.992,63.44071002
2017-06-21,19390.0,20489.0,19000.0,19890.0,17126.3727,63.44071002
2017-06-22,19846.03,19999.97,19200.0,19622.0,8214.0419,64.62881084
2017-06-23,19622.0,19954.0,19550.0,19897.94,5308.5249,64.62881084
2017-06-24,19897.94,19995.0,19410.0,19600.0,4951.5513,102.37282009999998
2017-06-25,19600.0,19950.0,18550.55,19669.0,7568.463000000001,102.37282009999998
2017-06-26,19666.0,19840.0,18000.0,18268.96,11957.6243,57.55478769
2017-06-27,18229.0,18910.0,16111.86,17329.97,12858.3813,57.55478769
2017-06-28,17329.97,18200.0,16950.0,17934.9,9859.2604,58.69366626
2017-06-29,17934.9,18187.97,17570.0,17900.0,5475.1999,58.69366626
2017-06-30,17900.0,18280.0,17700.0,17960.06,4822.4196,54.14536657
2017-07-01,17989.97,18150.0,17643.0,17828.9,4217.6593,54.14536657
2017-07-02,17828.9,17828.9,16680.0,17181.3,6643.7391,87.0895328
2017-07-03,17181.31,18366.0,16666.0,18280.0,12142.0212,87.0895328
2017-07-04,18280.0,18559.0,17845.03,18155.0,8045.2527,75.07532972
2017-07-05,18158.94,18200.0,17600.0,18014.57,7412.9008,75.07532972
2017-07-06,18044.97,18400.0,18000.0,18077.58,5605.1064,79.64066882
2017-07-07,18062.7,18150.0,17390.0,17752.0,6781.0555,79.64066882
2017-07-08,17755.0,17800.0,17101.45,17583.03,5234.0546,75.3790489
2017-07-09,17583.1,18000.0,17385.01,17789.93,3645.5488,75.3790489
2017-07-10,17789.93,17814.0,17148.0,17177.0,5725.3488,56.62344058
2017-07-11,17199.0,17360.0,16200.0,16625.11,10790.3089,56.62344058
2017-07-12,16636.64,16760.0,16166.88,16699.94,7104.7478,69.02464525
2017-07-13,16720.03,17131.0,16350.0,16410.0,6164.4724,69.02464525
2017-07-14,16421.96,16633.57,15518.0,15660.0,7032.7902,74.06631804
2017-07-15,15687.07,15820.0,13551.03,13899.97,14253.173999999999,74.06631804
2017-07-16,13900.0,14500.0,12922.2,13500.0,12224.9873,68.87253639
2017-07-17,13500.0,14478.99,13210.85,14220.03,10581.8963,68.87253639
2017-07-18,14200.0,15954.73,14171.22,15929.97,15988.6989,61.60015822
2017-07-19,15929.97,16600.0,15170.0,16070.0,15048.9774,61.60015822
2017-07-20,16070.0,17840.01,15666.0,17519.83,17327.1883,63.15543134
2017-07-21,17520.0,19779.72,17450.13,18330.0,22751.3342,63.15543134
2017-07-22,18342.0,19388.0,17908.0,18657.0,16133.0679,92.77940786
2017-07-23,18635.01,19000.0,17380.0,18362.1,13963.3693,92.77940786
2017-07-24,18362.18,18668.0,17718.22,18379.62,8248.7474,82.03378621
2017-07-25,18379.8,18898.0,17416.0,17763.31,14956.7235,82.03378621
2017-07-26,17751.34,17910.0,16511.0,16731.03,13913.4157,60.77618042
2017-07-27,16740.48,17816.1,16666.66,17500.01,8752.5361,60.77618042
2017-07-28,17500.11,19500.0,17401.03,18896.97,18297.5727,34.50070141
2017-07-29,18879.98,19313.0,18407.0,18700.0,7776.8172,34.50070141
2017-07-30,18700.0,18718.0,17962.99,18669.97,6074.2858,40.35877477
2017-07-31,18625.99,19268.0,18316.01,18998.18,6684.3631,40.35877477
2017-08-01,18999.0,19801.0,17500.0,18079.97,21241.6492,32.62885895
2017-08-02,18079.97,18500.0,17850.01,18316.0,14998.3974,32.62885895
2017-08-03,18316.0,18718.99,17923.01,18647.0,11468.9384,47.44303707
2017-08-04,18647.0,19527.21,18605.0,19339.0,10126.239,47.44303707
2017-08-05,19310.05,21540.0,19113.03,21191.0,23110.7164,53.94596051
2017-08-06,21198.0,22490.0,21126.45,21959.73,13821.8764,53.94596051
2017-08-07,21959.0,22833.0,21258.0,22200.0,12381.561000000002,40.56143264
2017-08-08,22200.0,23398.96,21940.0,22588.08,15933.1502,40.56143264
2017-08-09,22588.08,23149.99,21700.0,22129.04,12178.605,68.62718716
2017-08-10,22179.52,22800.0,22018.74,22658.97,8082.4286,68.62718716
2017-08-11,22673.98,23594.0,22299.0,23500.0,12162.3472,60.45426736
2017-08-12,23529.0,25887.9,23133.14,25788.2,13437.8486,60.45426736
2017-08-13,25788.17,27998.0,25300.83,27166.0,29890.819,73.49995777
2017-08-14,27101.1,28998.0,26614.76,28520.0,16750.19,73.49995777
2017-08-15,28520.0,29865.99,26555.0,27560.0,26345.18,57.72253697
2017-08-16,27560.0,29197.97,27033.0,29017.77,15328.9991,57.72253697
2017-08-17,29017.0,30299.99,28680.1,29510.03,17491.43,54.21940334
2017-08-18,29540.0,29546.0,28333.0,28918.95,18705.9809,54.21940334
2017-08-19,28918.93,29099.95,27006.0,27371.82,25462.525,52.68879976
2017-08-20,27250.03,28300.9,27158.0,27660.17,9391.7951,52.68879976
2017-08-21,27661.0,28000.0,27000.0,27363.89,12840.9814,81.51800891
2017-08-22,27331.0,27587.0,25000.0,26705.0,20733.4839,81.51800891
2017-08-23,26760.89,28523.0,26705.0,28301.72,14728.1871,65.11192345
2017-08-24,28334.8,28500.0,27301.0,28182.0,12222.3834,65.11192345
2017-08-25,28228.1,29400.0,28000.06,29286.0,11193.159,94.2272747
2017-08-26,29286.0,29400.0,28500.0,28713.63,6267.7298,94.2272747
2017-08-27,28713.63,29147.74,28530.39,28928.87,6278.724,92.09676397
2017-08-28,28925.0,29000.0,27703.0,28609.97,9228.6221,92.09676397
2017-08-29,28610.0,30000.0,28510.93,29496.0,13410.06,66.54185648
2017-08-30,29496.0,30200.0,28508.0,29281.0,14954.6777,66.54185648
2017-08-31,29284.03,30099.99,29100.0,29949.0,8766.4873,65.8597866
2017-09-01,29902.03,30988.0,29651.11,30878.76,12207.8512,65.8597866
2017-09-02,30878.76,32350.0,28580.0,29400.08,15812.8839,82.50504729
2017-09-03,29410.5,30398.0,27577.0,28310.69,9638.3445,82.50504729
2017-09-04,28260.09,29000.0,25902.0,26348.17,18774.3634,50.52120815
2017-09-05,26348.17,27376.0,22592.31,26060.0,31772.2396,50.52120815
2017-09-06,26010.9,28810.0,26000.0,28656.9,17436.5092,57.02741751
2017-09-07,28745.0,29348.06,28100.01,29027.68,11196.6343,57.02741751
2017-09-08,29027.68,29200.0,23131.4,25114.9,24609.8043,69.66682293
2017-09-09,25113.0,26320.0,23300.0,24428.8,27006.0589,69.66682293
2017-09-10,24428.8,25105.0,21600.0,23668.36,21240.0995,81.88871881
2017-09-11,23719.1,25890.0,23101.0,25600.9,18837.5918,81.88871881
2017-09-12,25600.99,27500.0,25111.0,25600.0,17777.706000000002,77.08642169
2017-09-13,25602.99,25999.0,24103.45,24700.6,17346.8766,77.08642169
2017-09-14,24690.0,25288.02,19597.32,21398.0,33010.5228,61.81060477
2017-09-15,21385.9,21750.0,16827.0,20901.0,49730.3098,61.81060477
2017-09-16,20924.95,22179.98,18231.24,19319.9,30077.2688,82.78770196
2017-09-17,19319.9,20310.0,18900.0,19751.0,22935.9674,82.78770196
2017-09-18,19751.0,22188.0,19400.0,21989.77,13457.0023,80.90351431
2017-09-19,21988.0,23620.0,21300.0,22887.15,5859.6426,80.90351431
